dateRatio,wordlen_mean,rangeRatio,floatRatio,zero_flag,intRatio,alphaNumRatio,alphaRatio,frac_unique_sample,flag_numcells,master_id,id,dataset_name,table_name,column_name,table_name_clean,column_name_clean,start_time,end_time,execution_time
0.0,1.0,0.0,0.0,0,1.0,0.0,0.0,1.0,1.0,apr2019$$##$$city$$##$$id,apr2019_city_ID_1,Apr2019,City,ID,City,Id,2024-03-13 20:05:27.849660,2024-03-13 20:08:35.548355,0 days 00:03:07.698695
0.0,1.2230938955626378,0.0,0.0,0,0.0,0.0,1.0,0.980877666094631,0.0,apr2019$$##$$city$$##$$name,apr2019_city_Name_2,Apr2019,City,Name,City,Name,2024-03-13 20:05:27.849660,2024-03-13 20:08:35.548355,0 days 00:03:07.698695
0.0,1.0,0.0,0.0,0,0.0,0.0,1.0,0.05687668546212307,0.0,apr2019$$##$$city$$##$$countrycode,apr2019_city_CountryCode_3,Apr2019,City,CountryCode,City,Country Code,2024-03-13 20:05:27.849660,2024-03-13 20:08:35.548355,0 days 00:03:07.698695
0.0,1.299482376140005,0.0,0.0,0,0.0,0.0,1.0,0.33645550899679566,0.0,apr2019$$##$$city$$##$$district,apr2019_city_District_4,Apr2019,City,District,City,District,2024-03-13 20:05:27.849660,2024-03-13 20:08:35.548355,0 days 00:03:07.698695
0.001,1.0,0.0,0.0,0,1.0,0.0,0.0,0.9553812208874725,1.0,apr2019$$##$$city$$##$$population,apr2019_city_Population_5,Apr2019,City,Population,City,Population,2024-03-13 20:05:27.849660,2024-03-13 20:08:35.548355,0 days 00:03:07.698695
0.0,1.0,0.0,0.0,0,0.0,0.0,1.0,1.0,0.0,apr2019$$##$$country$$##$$code,apr2019_country_Code_1,Apr2019,Country,Code,Country,Code,2024-03-13 20:05:27.849660,2024-03-13 20:08:35.548355,0 days 00:03:07.698695
0.0,1.4769874476987448,0.0,0.0,0,0.0,0.0,1.0,1.0,0.0,apr2019$$##$$country$$##$$name,apr2019_country_Name_2,Apr2019,Country,Name,Country,Name,2024-03-13 20:05:27.849660,2024-03-13 20:08:35.548355,0 days 00:03:07.698695
0.0,1.213389121338912,0.0,0.0,0,0.0,0.0,1.0,0.029288702928870293,0.0,apr2019$$##$$country$$##$$continent,apr2019_country_Continent_3,Apr2019,Country,Continent,Country,Continent,2024-03-13 20:05:27.849660,2024-03-13 20:08:35.548355,0 days 00:03:07.698695
0.0,1.9414225941422594,0.0,0.0,0,0.0,0.0,1.0,0.10460251046025104,0.0,apr2019$$##$$country$$##$$region,apr2019_country_Region_4,Apr2019,Country,Region,Country,Region,2024-03-13 20:05:27.849660,2024-03-13 20:08:35.548355,0 days 00:03:07.698695
0.0,1.0,0.0,1.0,0,0.0,0.0,0.0,0.99581589958159,1.0,apr2019$$##$$country$$##$$surfacearea,apr2019_country_SurfaceArea_5,Apr2019,Country,SurfaceArea,Country,Surface Area,2024-03-13 20:05:27.849660,2024-03-13 20:08:35.548355,0 days 00:03:07.698695
0.0,1.0,0.0,1.0,1,0.0,0.015625,0.0,0.4583333333333333,0.803347280334728,apr2019$$##$$country$$##$$indepyear,apr2019_country_IndepYear_6,Apr2019,Country,IndepYear,Country,In de p Year,2024-03-13 20:05:27.849660,2024-03-13 20:08:35.548355,0 days 00:03:07.698695
0.016736401673640166,1.0,0.0,0.0,0,1.0,0.0,0.0,0.9456066945606695,1.0,apr2019$$##$$country$$##$$population,apr2019_country_Population_7,Apr2019,Country,Population,Country,Population,2024-03-13 20:05:27.849660,2024-03-13 20:08:35.548355,0 days 00:03:07.698695
0.0,1.0,0.0,1.0,0,0.0,0.0,0.0,0.7207207207207207,0.9288702928870293,apr2019$$##$$country$$##$$lifeexpectancy,apr2019_country_LifeExpectancy_8,Apr2019,Country,LifeExpectancy,Country,Life Expectancy,2024-03-13 20:05:27.849660,2024-03-13 20:08:35.548355,0 days 00:03:07.698695
0.0,1.0,0.0,1.0,0,0.0,0.0,0.0,0.895397489539749,1.0,apr2019$$##$$country$$##$$gnp,apr2019_country_GNP_9,Apr2019,Country,GNP,Country,Gnp,2024-03-13 20:05:27.849660,2024-03-13 20:08:35.548355,0 days 00:03:07.698695
0.0,1.0,0.0,1.0,1,0.0,0.0,0.0,1.0,0.7447698744769874,apr2019$$##$$country$$##$$gnpold,apr2019_country_GNPOld_10,Apr2019,Country,GNPOld,Country,Gnp Old,2024-03-13 20:05:27.849660,2024-03-13 20:08:35.548355,0 days 00:03:07.698695
0.0,1.4705882352941178,0.0,0.0,0,0.0,0.0,1.0,1.0,0.0,apr2019$$##$$country$$##$$localname,apr2019_country_LocalName_11,Apr2019,Country,LocalName,Country,Local Name,2024-03-13 20:05:27.849660,2024-03-13 20:08:35.548355,0 days 00:03:07.698695
0.0,1.887029288702929,0.0,0.0,0,0.0,0.0,1.0,0.14644351464435146,0.0,apr2019$$##$$country$$##$$governmentform,apr2019_country_GovernmentForm_12,Apr2019,Country,GovernmentForm,Country,Government Form,2024-03-13 20:05:27.849660,2024-03-13 20:08:35.548355,0 days 00:03:07.698695
0.0,2.3813559322033897,0.0,0.0,0,0.0,0.0,1.0,0.7542372881355932,0.0,apr2019$$##$$country$$##$$headofstate,apr2019_country_HeadOfState_13,Apr2019,Country,HeadOfState,Country,Head Of State,2024-03-13 20:05:27.849660,2024-03-13 20:08:35.548355,0 days 00:03:07.698695
0.0,1.0,0.0,1.0,1,0.0,0.0,0.0,1.0,0.9707112970711297,apr2019$$##$$country$$##$$capital,apr2019_country_Capital_14,Apr2019,Country,Capital,Country,Capital,2024-03-13 20:05:27.849660,2024-03-13 20:08:35.548355,0 days 00:03:07.698695
0.0,1.0,0.0,0.0,0,0.0,0.0,1.0,1.0,0.0,apr2019$$##$$country$$##$$code2,apr2019_country_Code2_15,Apr2019,Country,Code2,Country,Code 2,2024-03-13 20:05:27.849660,2024-03-13 20:08:35.548355,0 days 00:03:07.698695
0.0,1.0,0.0,0.0,0,0.0,0.0,1.0,0.23678861788617886,0.0,apr2019$$##$$countrylanguage$$##$$countrycode,apr2019_countrylanguage_CountryCode_1,Apr2019,CountryLanguage,CountryCode,Country Language,Country Code,2024-03-13 20:05:27.849660,2024-03-13 20:08:35.548355,0 days 00:03:07.698695
0.0,1.0640243902439024,0.0,0.0,0,0.0,0.0,1.0,0.4644308943089431,0.0,apr2019$$##$$countrylanguage$$##$$language,apr2019_countrylanguage_Language_2,Apr2019,CountryLanguage,Language,Country Language,Language,2024-03-13 20:05:27.849660,2024-03-13 20:08:35.548355,0 days 00:03:07.698695
0.0,1.0,0.0,0.0,0,0.0,0.0,1.0,0.0020325203252032522,0.0,apr2019$$##$$countrylanguage$$##$$isofficial,apr2019_countrylanguage_IsOfficial_3,Apr2019,CountryLanguage,IsOfficial,Country Language,Is Official,2024-03-13 20:05:27.849660,2024-03-13 20:08:35.548355,0 days 00:03:07.698695
0.0,1.0,0.0,1.0,0,0.0,0.0,0.0,0.3628048780487805,1.0,apr2019$$##$$countrylanguage$$##$$percentage,apr2019_countrylanguage_Percentage_4,Apr2019,CountryLanguage,Percentage,Country Language,Percentage,2024-03-13 20:05:27.849660,2024-03-13 20:08:35.548355,0 days 00:03:07.698695
0.0,1.0,0.0,0.0,0,0.0,1.0,0.0,0.030547752808988762,1.0,aug2019$$##$$wta_matches_2018$$##$$tourney_id,aug2019_wta_matches_2018_tourney_id_1,Aug2019,wta_matches_2018,tourney_id,wt a matches 2018,tourney id,2024-03-13 20:05:27.849660,2024-03-13 20:08:35.548355,0 days 00:03:07.698695
0.0,1.396067415730337,0.0,0.0,0,0.0,0.03125,0.96875,0.029845505617977528,0.03125,aug2019$$##$$wta_matches_2018$$##$$tourney_name,aug2019_wta_matches_2018_tourney_name_2,Aug2019,wta_matches_2018,tourney_name,wt a matches 2018,tourney name,2024-03-13 20:05:27.849660,2024-03-13 20:08:35.548355,0 days 00:03:07.698695
0.0,1.0,0.0,0.0,0,0.0,0.0,1.0,0.001053370786516854,0.0,aug2019$$##$$wta_matches_2018$$##$$surface,aug2019_wta_matches_2018_surface_3,Aug2019,wta_matches_2018,surface,wt a matches 2018,surface,2024-03-13 20:05:27.849660,2024-03-13 20:08:35.548355,0 days 00:03:07.698695
0.0,1.0,0.0,0.0,0,1.0,0.0,0.0,0.002106741573033708,1.0,aug2019$$##$$wta_matches_2018$$##$$draw_size,aug2019_wta_matches_2018_draw_size_4,Aug2019,wta_matches_2018,draw_size,wt a matches 2018,draw size,2024-03-13 20:05:27.849660,2024-03-13 20:08:35.548355,0 days 00:03:07.698695
0.0,1.0,0.0,0.0,0,0.0,0.0,1.0,0.0024578651685393258,0.0,aug2019$$##$$wta_matches_2018$$##$$tourney_level,aug2019_wta_matches_2018_tourney_level_5,Aug2019,wta_matches_2018,tourney_level,wt a matches 2018,tourney level,2024-03-13 20:05:27.849660,2024-03-13 20:08:35.548355,0 days 00:03:07.698695
0.0,1.0,0.0,0.0,0,1.0,0.0,0.0,0.01580056179775281,1.0,aug2019$$##$$wta_matches_2018$$##$$tourney_date,aug2019_wta_matches_2018_tourney_date_6,Aug2019,wta_matches_2018,tourney_date,wt a matches 2018,tourney date,2024-03-13 20:05:27.849660,2024-03-13 20:08:35.548355,0 days 00:03:07.698695
0.0,1.0,0.0,0.0,0,1.0,0.0,0.0,0.08181179775280899,1.0,aug2019$$##$$wta_matches_2018$$##$$match_num,aug2019_wta_matches_2018_match_num_7,Aug2019,wta_matches_2018,match_num,wt a matches 2018,match n um,2024-03-13 20:05:27.849660,2024-03-13 20:08:35.548355,0 days 00:03:07.698695
0.0,1.0,0.0,0.0,0,1.0,0.0,0.0,0.0898876404494382,1.0,aug2019$$##$$wta_matches_2018$$##$$winner_id,aug2019_wta_matches_2018_winner_id_8,Aug2019,wta_matches_2018,winner_id,wt a matches 2018,winner id,2024-03-13 20:05:27.849660,2024-03-13 20:08:35.548355,0 days 00:03:07.698695
0.0,1.0,0.0,1.0,1,0.0,0.0,0.0,0.02622950819672131,0.42837078651685395,aug2019$$##$$wta_matches_2018$$##$$winner_seed,aug2019_wta_matches_2018_winner_seed_9,Aug2019,wta_matches_2018,winner_seed,wt a matches 2018,winner seed,2024-03-13 20:05:27.849660,2024-03-13 20:08:35.548355,0 days 00:03:07.698695
0.0,1.0,0.0,0.0,0,0.0,0.0,1.0,0.009324009324009324,0.0,aug2019$$##$$wta_matches_2018$$##$$winner_entry,aug2019_wta_matches_2018_winner_entry_10,Aug2019,wta_matches_2018,winner_entry,wt a matches 2018,winner entry,2024-03-13 20:05:27.849660,2024-03-13 20:08:35.548355,0 days 00:03:07.698695
0.0,2.086376404494382,0.0,0.0,0,0.0,0.0,1.0,0.0898876404494382,0.0,aug2019$$##$$wta_matches_2018$$##$$winner_name,aug2019_wta_matches_2018_winner_name_11,Aug2019,wta_matches_2018,winner_name,wt a matches 2018,winner name,2024-03-13 20:05:27.849660,2024-03-13 20:08:35.548355,0 days 00:03:07.698695
0.0,1.0,0.0,0.0,0,0.0,0.0,1.0,0.001053370786516854,0.0,aug2019$$##$$wta_matches_2018$$##$$winner_hand,aug2019_wta_matches_2018_winner_hand_12,Aug2019,wta_matches_2018,winner_hand,wt a matches 2018,winner hand,2024-03-13 20:05:27.849660,2024-03-13 20:08:35.548355,0 days 00:03:07.698695
0.0,1.0,0.0,1.0,1,0.0,0.0,0.0,0.021294021294021293,0.42872191011235955,aug2019$$##$$wta_matches_2018$$##$$winner_ht,aug2019_wta_matches_2018_winner_ht_13,Aug2019,wta_matches_2018,winner_ht,wt a matches 2018,winner ht,2024-03-13 20:05:27.849660,2024-03-13 20:08:35.548355,0 days 00:03:07.698695
0.0,1.0,0.0,0.0,0,0.0,0.0,1.0,0.01720505617977528,0.0,aug2019$$##$$wta_matches_2018$$##$$winner_ioc,aug2019_wta_matches_2018_winner_ioc_14,Aug2019,wta_matches_2018,winner_ioc,wt a matches 2018,winner io c,2024-03-13 20:05:27.849660,2024-03-13 20:08:35.548355,0 days 00:03:07.698695
0.0,1.0,0.0,1.0,0,0.0,0.0,0.0,0.4554073033707865,1.0,aug2019$$##$$wta_matches_2018$$##$$winner_age,aug2019_wta_matches_2018_winner_age_15,Aug2019,wta_matches_2018,winner_age,wt a matches 2018,winner age,2024-03-13 20:05:27.849660,2024-03-13 20:08:35.548355,0 days 00:03:07.698695
0.0,1.0,0.0,1.0,1,0.0,0.0,0.0,0.09372797744890768,0.9964887640449438,aug2019$$##$$wta_matches_2018$$##$$winner_rank,aug2019_wta_matches_2018_winner_rank_16,Aug2019,wta_matches_2018,winner_rank,wt a matches 2018,winner rank,2024-03-13 20:05:27.849660,2024-03-13 20:08:35.548355,0 days 00:03:07.698695
0.0,1.0,0.0,1.0,1,0.0,0.0,0.0,0.3456659619450317,0.9964887640449438,aug2019$$##$$wta_matches_2018$$##$$winner_rank_points,aug2019_wta_matches_2018_winner_rank_points_17,Aug2019,wta_matches_2018,winner_rank_points,wt a matches 2018,winner rank points,2024-03-13 20:05:27.849660,2024-03-13 20:08:35.548355,0 days 00:03:07.698695
0.0,1.0,0.0,0.0,0,1.0,0.0,0.0,0.12289325842696629,1.0,aug2019$$##$$wta_matches_2018$$##$$loser_id,aug2019_wta_matches_2018_loser_id_18,Aug2019,wta_matches_2018,loser_id,wt a matches 2018,loser id,2024-03-13 20:05:27.849660,2024-03-13 20:08:35.548355,0 days 00:03:07.698695
0.0,1.0,0.0,1.0,1,0.0,0.0,0.0,0.045133991537376586,0.24894662921348315,aug2019$$##$$wta_matches_2018$$##$$loser_seed,aug2019_wta_matches_2018_loser_seed_19,Aug2019,wta_matches_2018,loser_seed,wt a matches 2018,loser seed,2024-03-13 20:05:27.849660,2024-03-13 20:08:35.548355,0 days 00:03:07.698695
0.0,1.0,0.0,0.0,0,0.0,0.0,1.0,0.006379585326953748,0.0,aug2019$$##$$wta_matches_2018$$##$$loser_entry,aug2019_wta_matches_2018_loser_entry_20,Aug2019,wta_matches_2018,loser_entry,wt a matches 2018,loser entry,2024-03-13 20:05:27.849660,2024-03-13 20:08:35.548355,0 days 00:03:07.698695
0.0,2.1070926966292136,0.0,0.0,0,0.0,0.0,1.0,0.12289325842696629,0.0,aug2019$$##$$wta_matches_2018$$##$$loser_name,aug2019_wta_matches_2018_loser_name_21,Aug2019,wta_matches_2018,loser_name,wt a matches 2018,loser name,2024-03-13 20:05:27.849660,2024-03-13 20:08:35.548355,0 days 00:03:07.698695
0.0,1.0,0.0,0.0,0,0.0,0.0,1.0,0.001053740779768177,0.0,aug2019$$##$$wta_matches_2018$$##$$loser_hand,aug2019_wta_matches_2018_loser_hand_22,Aug2019,wta_matches_2018,loser_hand,wt a matches 2018,loser hand,2024-03-13 20:05:27.849660,2024-03-13 20:08:35.548355,0 days 00:03:07.698695
0.0,1.0,0.0,1.0,1,0.0,0.0,0.0,0.025440313111545987,0.35884831460674155,aug2019$$##$$wta_matches_2018$$##$$loser_ht,aug2019_wta_matches_2018_loser_ht_23,Aug2019,wta_matches_2018,loser_ht,wt a matches 2018,loser ht,2024-03-13 20:05:27.849660,2024-03-13 20:08:35.548355,0 days 00:03:07.698695
0.0,1.0,0.0,0.0,0,0.0,0.0,1.0,0.019662921348314606,0.0,aug2019$$##$$wta_matches_2018$$##$$loser_ioc,aug2019_wta_matches_2018_loser_ioc_24,Aug2019,wta_matches_2018,loser_ioc,wt a matches 2018,loser io c,2024-03-13 20:05:27.849660,2024-03-13 20:08:35.548355,0 days 00:03:07.698695
0.0,1.0,0.0,1.0,0,0.0,0.0,0.0,0.7598314606741573,1.0,aug2019$$##$$wta_matches_2018$$##$$loser_age,aug2019_wta_matches_2018_loser_age_25,Aug2019,wta_matches_2018,loser_age,wt a matches 2018,loser age,2024-03-13 20:05:27.849660,2024-03-13 20:08:35.548355,0 days 00:03:07.698695
0.0,1.0,0.0,1.0,1,0.0,0.0,0.0,0.132815259625574,0.9940308988764045,aug2019$$##$$wta_matches_2018$$##$$loser_rank,aug2019_wta_matches_2018_loser_rank_26,Aug2019,wta_matches_2018,loser_rank,wt a matches 2018,loser rank,2024-03-13 20:05:27.849660,2024-03-13 20:08:35.548355,0 days 00:03:07.698695
0.0,1.0,0.0,1.0,1,0.0,0.0,0.0,0.46485340868950903,0.9940308988764045,aug2019$$##$$wta_matches_2018$$##$$loser_rank_points,aug2019_wta_matches_2018_loser_rank_points_27,Aug2019,wta_matches_2018,loser_rank_points,wt a matches 2018,loser rank points,2024-03-13 20:05:27.849660,2024-03-13 20:08:35.548355,0 days 00:03:07.698695
0.0,2.340941011235955,0.18398876404494383,0.0,0,0.0,0.9943820224719101,0.0056179775280898875,0.25070224719101125,0.9943820224719101,aug2019$$##$$wta_matches_2018$$##$$score,aug2019_wta_matches_2018_score_28,Aug2019,wta_matches_2018,score,wt a matches 2018,score,2024-03-13 20:05:27.849660,2024-03-13 20:08:35.548355,0 days 00:03:07.698695
0.0,1.0,0.0,0.0,0,1.0,0.0,0.0,0.00035112359550561797,1.0,aug2019$$##$$wta_matches_2018$$##$$best_of,aug2019_wta_matches_2018_best_of_29,Aug2019,wta_matches_2018,best_of,wt a matches 2018,best of,2024-03-13 20:05:27.849660,2024-03-13 20:08:35.548355,0 days 00:03:07.698695
0.0,1.0,0.0,0.0,0,0.0,0.8072331460674157,0.19276685393258428,0.0028089887640449437,0.8072331460674157,aug2019$$##$$wta_matches_2018$$##$$round,aug2019_wta_matches_2018_round_30,Aug2019,wta_matches_2018,round,wt a matches 2018,round,2024-03-13 20:05:27.849660,2024-03-13 20:08:35.548355,0 days 00:03:07.698695
0.0,1.0,0.0,1.0,1,0.0,0.0,0.0,0.06019007391763464,0.9975421348314607,aug2019$$##$$wta_matches_2018$$##$$minutes,aug2019_wta_matches_2018_minutes_31,Aug2019,wta_matches_2018,minutes,wt a matches 2018,minutes,2024-03-13 20:05:27.849660,2024-03-13 20:08:35.548355,0 days 00:03:07.698695
0.0,1.0,0.0,1.0,1,0.0,0.0,0.0,0.007052186177715092,0.9957865168539326,aug2019$$##$$wta_matches_2018$$##$$w_ace,aug2019_wta_matches_2018_w_ace_32,Aug2019,wta_matches_2018,w_ace,wt a matches 2018,w ace,2024-03-13 20:05:27.849660,2024-03-13 20:08:35.548355,0 days 00:03:07.698695
0.0,1.0,0.0,1.0,1,0.0,0.0,0.0,0.007404795486600846,0.9957865168539326,aug2019$$##$$wta_matches_2018$$##$$w_df,aug2019_wta_matches_2018_w_df_33,Aug2019,wta_matches_2018,w_df,wt a matches 2018,w d f,2024-03-13 20:05:27.849660,2024-03-13 20:08:35.548355,0 days 00:03:07.698695
0.0,1.0,0.0,1.0,1,0.0,0.0,0.0,0.04478138222849083,0.9957865168539326,aug2019$$##$$wta_matches_2018$$##$$w_svpt,aug2019_wta_matches_2018_w_svpt_34,Aug2019,wta_matches_2018,w_svpt,wt a matches 2018,w s v pt,2024-03-13 20:05:27.849660,2024-03-13 20:08:35.548355,0 days 00:03:07.698695
0.0,1.0,0.0,1.0,1,0.0,0.0,0.0,0.032087447108603666,0.9957865168539326,aug2019$$##$$wta_matches_2018$$##$$w_1stin,aug2019_wta_matches_2018_w_1stIn_35,Aug2019,wta_matches_2018,w_1stIn,wt a matches 2018,w 1s tin,2024-03-13 20:05:27.849660,2024-03-13 20:08:35.548355,0 days 00:03:07.698695
0.0,1.0,0.0,1.0,1,0.0,0.0,0.0,0.02009873060648801,0.9957865168539326,aug2019$$##$$wta_matches_2018$$##$$w_1stwon,aug2019_wta_matches_2018_w_1stWon_36,Aug2019,wta_matches_2018,w_1stWon,wt a matches 2018,w 1s two n,2024-03-13 20:05:27.849660,2024-03-13 20:08:35.548355,0 days 00:03:07.698695
0.0,1.0,0.0,1.0,1,0.0,0.0,0.0,0.01234132581100141,0.9957865168539326,aug2019$$##$$wta_matches_2018$$##$$w_2ndwon,aug2019_wta_matches_2018_w_2ndWon_37,Aug2019,wta_matches_2018,w_2ndWon,wt a matches 2018,w 2ndW on,2024-03-13 20:05:27.849660,2024-03-13 20:08:35.548355,0 days 00:03:07.698695
0.0,1.0,0.0,1.0,1,0.0,0.0,0.0,0.007757404795486601,0.9957865168539326,aug2019$$##$$wta_matches_2018$$##$$w_svgms,aug2019_wta_matches_2018_w_SvGms_38,Aug2019,wta_matches_2018,w_SvGms,wt a matches 2018,w S vg ms,2024-03-13 20:05:27.849660,2024-03-13 20:08:35.548355,0 days 00:03:07.698695
0.0,1.0,0.0,1.0,1,0.0,0.0,0.0,0.006699576868829337,0.9957865168539326,aug2019$$##$$wta_matches_2018$$##$$w_bpsaved,aug2019_wta_matches_2018_w_bpSaved_39,Aug2019,wta_matches_2018,w_bpSaved,wt a matches 2018,w bp Saved,2024-03-13 20:05:27.849660,2024-03-13 20:08:35.548355,0 days 00:03:07.698695
0.0,1.0,0.0,1.0,1,0.0,0.0,0.0,0.009167842031029619,0.9957865168539326,aug2019$$##$$wta_matches_2018$$##$$w_bpfaced,aug2019_wta_matches_2018_w_bpFaced_40,Aug2019,wta_matches_2018,w_bpFaced,wt a matches 2018,w bp Faced,2024-03-13 20:05:27.849660,2024-03-13 20:08:35.548355,0 days 00:03:07.698695
0.0,1.0,0.0,1.0,1,0.0,0.0,0.0,0.006699576868829337,0.9957865168539326,aug2019$$##$$wta_matches_2018$$##$$l_ace,aug2019_wta_matches_2018_l_ace_41,Aug2019,wta_matches_2018,l_ace,wt a matches 2018,l ace,2024-03-13 20:05:27.849660,2024-03-13 20:08:35.548355,0 days 00:03:07.698695
0.0,1.0,0.0,1.0,1,0.0,0.0,0.0,0.005994358251057828,0.9957865168539326,aug2019$$##$$wta_matches_2018$$##$$l_df,aug2019_wta_matches_2018_l_df_42,Aug2019,wta_matches_2018,l_df,wt a matches 2018,l d f,2024-03-13 20:05:27.849660,2024-03-13 20:08:35.548355,0 days 00:03:07.698695
0.0,1.0,0.0,1.0,1,0.0,0.0,0.0,0.044076163610719324,0.9957865168539326,aug2019$$##$$wta_matches_2018$$##$$l_svpt,aug2019_wta_matches_2018_l_svpt_43,Aug2019,wta_matches_2018,l_svpt,wt a matches 2018,l s v pt,2024-03-13 20:05:27.849660,2024-03-13 20:08:35.548355,0 days 00:03:07.698695
0.0,1.0,0.0,1.0,1,0.0,0.0,0.0,0.032792665726375174,0.9957865168539326,aug2019$$##$$wta_matches_2018$$##$$l_1stin,aug2019_wta_matches_2018_l_1stIn_44,Aug2019,wta_matches_2018,l_1stIn,wt a matches 2018,l 1s tin,2024-03-13 20:05:27.849660,2024-03-13 20:08:35.548355,0 days 00:03:07.698695
0.0,1.0,0.0,1.0,1,0.0,0.0,0.0,0.021861777150916785,0.9957865168539326,aug2019$$##$$wta_matches_2018$$##$$l_1stwon,aug2019_wta_matches_2018_l_1stWon_45,Aug2019,wta_matches_2018,l_1stWon,wt a matches 2018,l 1s two n,2024-03-13 20:05:27.849660,2024-03-13 20:08:35.548355,0 days 00:03:07.698695
0.0,1.0,0.0,1.0,1,0.0,0.0,0.0,0.0116361071932299,0.9957865168539326,aug2019$$##$$wta_matches_2018$$##$$l_2ndwon,aug2019_wta_matches_2018_l_2ndWon_46,Aug2019,wta_matches_2018,l_2ndWon,wt a matches 2018,l 2ndW on,2024-03-13 20:05:27.849660,2024-03-13 20:08:35.548355,0 days 00:03:07.698695
0.0,1.0,0.0,1.0,1,0.0,0.0,0.0,0.007404795486600846,0.9957865168539326,aug2019$$##$$wta_matches_2018$$##$$l_svgms,aug2019_wta_matches_2018_l_SvGms_47,Aug2019,wta_matches_2018,l_SvGms,wt a matches 2018,l S vg ms,2024-03-13 20:05:27.849660,2024-03-13 20:08:35.548355,0 days 00:03:07.698695
0.0,1.0,0.0,1.0,1,0.0,0.0,0.0,0.007404795486600846,0.9957865168539326,aug2019$$##$$wta_matches_2018$$##$$l_bpsaved,aug2019_wta_matches_2018_l_bpSaved_48,Aug2019,wta_matches_2018,l_bpSaved,wt a matches 2018,l bp Saved,2024-03-13 20:05:27.849660,2024-03-13 20:08:35.548355,0 days 00:03:07.698695
0.0,1.0,0.0,1.0,1,0.0,0.0,0.0,0.009873060648801129,0.9957865168539326,aug2019$$##$$wta_matches_2018$$##$$l_bpfaced,aug2019_wta_matches_2018_l_bpFaced_49,Aug2019,wta_matches_2018,l_bpFaced,wt a matches 2018,l bp Faced,2024-03-13 20:05:27.849660,2024-03-13 20:08:35.548355,0 days 00:03:07.698695
0.0,1.0,0.0,0.0,0,1.0,0.0,0.0,1.0,1.0,aug2019$$##$$wta_players$$##$$player_id,aug2019_wta_players_player_id_1,Aug2019,wta_players,player_id,wt a players,player id,2024-03-13 20:05:27.849660,2024-03-13 20:08:35.548355,0 days 00:03:07.698695
0.0,1.0969225815354893,0.0,0.0,0,0.0,0.0,1.0,0.3257739546437279,0.0,aug2019$$##$$wta_players$$##$$first_name,aug2019_wta_players_first_name_2,Aug2019,wta_players,first_name,wt a players,first name,2024-03-13 20:05:27.849660,2024-03-13 20:08:35.548355,0 days 00:03:07.698695
0.001,1.1011819896058501,0.0,0.0,0,0.0,4.599181345720462e-05,0.9999540081865428,0.7672354320930874,4.597701149425287e-05,aug2019$$##$$wta_players$$##$$last_name,aug2019_wta_players_last_name_3,Aug2019,wta_players,last_name,wt a players,last name,2024-03-13 20:05:27.849660,2024-03-13 20:08:35.548355,0 days 00:03:07.698695
0.0,1.0,0.0,0.0,0,0.0,0.0,1.0,0.00014425851125216387,0.0,aug2019$$##$$wta_players$$##$$hand,aug2019_wta_players_hand_4,Aug2019,wta_players,hand,wt a players,hand,2024-03-13 20:05:27.849660,2024-03-13 20:08:35.548355,0 days 00:03:07.698695
0.0,1.0,0.0,1.0,1,0.0,0.0,0.0,0.5006829635909754,0.9761379310344828,aug2019$$##$$wta_players$$##$$birth_date,aug2019_wta_players_birth_date_5,Aug2019,wta_players,birth_date,wt a players,birth date,2024-03-13 20:05:27.849660,2024-03-13 20:08:35.548355,0 days 00:03:07.698695
0.0,1.0,0.0,0.0,0,0.0,0.0,1.0,0.007264367816091954,0.0,aug2019$$##$$wta_players$$##$$country_code,aug2019_wta_players_country_code_6,Aug2019,wta_players,country_code,wt a players,country code,2024-03-13 20:05:27.849660,2024-03-13 20:08:35.548355,0 days 00:03:07.698695
0.0,1.0,0.0,0.0,0,1.0,0.0,0.0,0.0007856772705237291,1.0,aug2019$$##$$wta_rankings$$##$$ranking_date,aug2019_wta_rankings_ranking_date_1,Aug2019,wta_rankings,ranking_date,wt a rankings,ranking date,2024-03-13 20:05:27.849660,2024-03-13 20:08:35.548355,0 days 00:03:07.698695
0.0,1.0,0.0,0.0,0,1.0,0.0,0.0,0.02069507363634844,1.0,aug2019$$##$$wta_rankings$$##$$ranking,aug2019_wta_rankings_ranking_2,Aug2019,wta_rankings,ranking,wt a rankings,ranking,2024-03-13 20:05:27.849660,2024-03-13 20:08:35.548355,0 days 00:03:07.698695
0.0,1.0,0.0,0.0,0,1.0,0.0,0.0,0.026545861821099612,1.0,aug2019$$##$$wta_rankings$$##$$player_id,aug2019_wta_rankings_player_id_3,Aug2019,wta_rankings,player_id,wt a rankings,player id,2024-03-13 20:05:27.849660,2024-03-13 20:08:35.548355,0 days 00:03:07.698695
0.005,1.0,0.0,0.0,0,1.0,0.0,0.0,0.02764915330736698,1.0,aug2019$$##$$wta_rankings$$##$$ranking_points,aug2019_wta_rankings_ranking_points_4,Aug2019,wta_rankings,ranking_points,wt a rankings,ranking points,2024-03-13 20:05:27.849660,2024-03-13 20:08:35.548355,0 days 00:03:07.698695
0.0,1.0,0.0,0.0,0,1.0,0.0,0.0,0.0006185118938165528,1.0,aug2019$$##$$wta_rankings$$##$$tours,aug2019_wta_rankings_tours_5,Aug2019,wta_rankings,tours,wt a rankings,tours,2024-03-13 20:05:27.849660,2024-03-13 20:08:35.548355,0 days 00:03:07.698695
0.0,1.0,0.0,0.0,0,1.0,0.0,0.0,1.0,1.0,aug2020$$##$$customers$$##$$customernumber,aug2020_customers_customerNumber_1,Aug2020,customers,customerNumber,customers,customer Number,2024-03-13 20:05:27.849660,2024-03-13 20:08:35.548355,0 days 00:03:07.698695
0.0,3.0491803278688523,0.0,0.0,0,0.0,0.01639344262295082,0.9836065573770492,1.0,0.01639344262295082,aug2020$$##$$customers$$##$$customername,aug2020_customers_customerName_2,Aug2020,customers,customerName,customers,customer Name,2024-03-13 20:05:27.849660,2024-03-13 20:08:35.548355,0 days 00:03:07.698695
0.0,1.0245901639344261,0.0,0.0,0,0.0,0.0,1.0,0.8852459016393442,0.0,aug2020$$##$$customers$$##$$contactlastname,aug2020_customers_contactLastName_3,Aug2020,customers,contactLastName,customers,contact Last Name,2024-03-13 20:05:27.849660,2024-03-13 20:08:35.548355,0 days 00:03:07.698695
0.0,1.0081967213114753,0.0,0.0,0,0.0,0.0,1.0,0.860655737704918,0.0,aug2020$$##$$customers$$##$$contactfirstname,aug2020_customers_contactFirstName_4,Aug2020,customers,contactFirstName,customers,contact First Name,2024-03-13 20:05:27.849660,2024-03-13 20:08:35.548355,0 days 00:03:07.698695
0.09836065573770492,1.9426229508196722,0.2459016393442623,0.0,0,0.29508196721311475,0.5819672131147541,0.0,0.9918032786885246,1.0,aug2020$$##$$customers$$##$$phone,aug2020_customers_phone_5,Aug2020,customers,phone,customers,phone,2024-03-13 20:05:27.849660,2024-03-13 20:08:35.548355,0 days 00:03:07.698695
0.0,3.0737704918032787,0.02459016393442623,0.0,0,0.0,0.9344262295081968,0.06557377049180328,1.0,0.9344262295081968,aug2020$$##$$customers$$##$$addressline1,aug2020_customers_addressLine1_6,Aug2020,customers,addressLine1,customers,address Line 1,2024-03-13 20:05:27.849660,2024-03-13 20:08:35.548355,0 days 00:03:07.698695
0.0,2.5,0.045454545454545456,0.0,0,0.0,0.9545454545454546,0.045454545454545456,0.9545454545454546,0.1721311475409836,aug2020$$##$$customers$$##$$addressline2,aug2020_customers_addressLine2_7,Aug2020,customers,addressLine2,customers,address Line 2,2024-03-13 20:05:27.849660,2024-03-13 20:08:35.548355,0 days 00:03:07.698695
0.0,1.1639344262295082,0.0,0.0,0,0.0,0.0,1.0,0.7786885245901639,0.0,aug2020$$##$$customers$$##$$city,aug2020_customers_city_8,Aug2020,customers,city,customers,city,2024-03-13 20:05:27.849660,2024-03-13 20:08:35.548355,0 days 00:03:07.698695
0.0,1.0612244897959184,0.0,0.0,0,0.0,0.0,1.0,0.3673469387755102,0.0,aug2020$$##$$customers$$##$$state,aug2020_customers_state_9,Aug2020,customers,state,customers,state,2024-03-13 20:05:27.849660,2024-03-13 20:08:35.548355,0 days 00:03:07.698695
0.017391304347826087,1.1217391304347826,0.008695652173913044,0.0,0,0.8260869565217391,0.17391304347826086,0.0,0.8173913043478261,0.9426229508196722,aug2020$$##$$customers$$##$$postalcode,aug2020_customers_postalCode_10,Aug2020,customers,postalCode,customers,postal Code,2024-03-13 20:05:27.849660,2024-03-13 20:08:35.548355,0 days 00:03:07.698695
0.0,1.0491803278688525,0.0,0.0,0,0.0,0.0,1.0,0.22131147540983606,0.0,aug2020$$##$$customers$$##$$country,aug2020_customers_country_11,Aug2020,customers,country,customers,country,2024-03-13 20:05:27.849660,2024-03-13 20:08:35.548355,0 days 00:03:07.698695
0.0,1.0,0.0,1.0,1,0.0,0.0,0.0,0.15,0.819672131147541,aug2020$$##$$customers$$##$$salesrepemployeenumber,aug2020_customers_salesRepEmployeeNumber_12,Aug2020,customers,salesRepEmployeeNumber,customers,sales Rep Employee Number,2024-03-13 20:05:27.849660,2024-03-13 20:08:35.548355,0 days 00:03:07.698695
0.0,1.0,0.0,1.0,1,0.0,0.0,0.0,0.7622950819672131,1.0,aug2020$$##$$customers$$##$$creditlimit,aug2020_customers_creditLimit_13,Aug2020,customers,creditLimit,customers,credit Limit,2024-03-13 20:05:27.849660,2024-03-13 20:08:35.548355,0 days 00:03:07.698695
0.0,1.0,0.0,0.0,0,1.0,0.0,0.0,0.10881174899866489,1.0,aug2020$$##$$orderdetails$$##$$ordernumber,aug2020_orderdetails_orderNumber_1,Aug2020,orderdetails,orderNumber,order details,order Number,2024-03-13 20:05:27.849660,2024-03-13 20:08:35.548355,0 days 00:03:07.698695
0.0,1.0,0.0,0.0,0,0.0,1.0,0.0,0.03638184245660881,1.0,aug2020$$##$$orderdetails$$##$$productcode,aug2020_orderdetails_productCode_2,Aug2020,orderdetails,productCode,order details,product Code,2024-03-13 20:05:27.849660,2024-03-13 20:08:35.548355,0 days 00:03:07.698695
0.0,1.0,0.0,0.0,0,1.0,0.0,0.0,0.020360480640854474,1.0,aug2020$$##$$orderdetails$$##$$quantityordered,aug2020_orderdetails_quantityOrdered_3,Aug2020,orderdetails,quantityOrdered,order details,quantity Ordered,2024-03-13 20:05:27.849660,2024-03-13 20:08:35.548355,0 days 00:03:07.698695
0.0,1.0,0.0,1.0,0,0.0,0.0,0.0,0.5250333778371161,1.0,aug2020$$##$$orderdetails$$##$$priceeach,aug2020_orderdetails_priceEach_4,Aug2020,orderdetails,priceEach,order details,price Each,2024-03-13 20:05:27.849660,2024-03-13 20:08:35.548355,0 days 00:03:07.698695
0.0,1.0,0.0,0.0,0,1.0,0.0,0.0,0.006008010680907877,1.0,aug2020$$##$$orderdetails$$##$$orderlinenumber,aug2020_orderdetails_orderLineNumber_5,Aug2020,orderdetails,orderLineNumber,order details,order Line Number,2024-03-13 20:05:27.849660,2024-03-13 20:08:35.548355,0 days 00:03:07.698695
0.0,1.0,0.0,0.0,0,1.0,0.0,0.0,1.0,1.0,aug2020$$##$$orders$$##$$ordernumber,aug2020_orders_orderNumber_1,Aug2020,orders,orderNumber,orders,order Number,2024-03-13 20:05:27.849660,2024-03-13 20:08:35.548355,0 days 00:03:07.698695
1.0,1.0,0.0,0.0,0,0.0,1.0,0.0,0.8128834355828221,1.0,aug2020$$##$$orders$$##$$orderdate,aug2020_orders_orderDate_2,Aug2020,orders,orderDate,orders,order Date,2024-03-13 20:05:27.849660,2024-03-13 20:08:35.548355,0 days 00:03:07.698695
1.0,1.0,0.0,0.0,0,0.0,1.0,0.0,0.8098159509202454,1.0,aug2020$$##$$orders$$##$$requireddate,aug2020_orders_requiredDate_3,Aug2020,orders,requiredDate,orders,required Date,2024-03-13 20:05:27.849660,2024-03-13 20:08:35.548355,0 days 00:03:07.698695
1.0,1.0,0.0,0.0,0,0.0,1.0,0.0,0.7916666666666666,0.9570552147239264,aug2020$$##$$orders$$##$$shippeddate,aug2020_orders_shippedDate_4,Aug2020,orders,shippedDate,orders,shipped Date,2024-03-13 20:05:27.849660,2024-03-13 20:08:35.548355,0 days 00:03:07.698695
0.0,1.030674846625767,0.0,0.0,0,0.0,0.0,1.0,0.018404907975460124,0.0,aug2020$$##$$orders$$##$$status,aug2020_orders_status_5,Aug2020,orders,status,orders,status,2024-03-13 20:05:27.849660,2024-03-13 20:08:35.548355,0 days 00:03:07.698695
0.075,13.6,0.0,0.0,0,0.0,0.0625,0.9375,0.4625,0.015337423312883436,aug2020$$##$$orders$$##$$comments,aug2020_orders_comments_6,Aug2020,orders,comments,orders,comments,2024-03-13 20:05:27.849660,2024-03-13 20:08:35.548355,0 days 00:03:07.698695
0.0,1.0,0.0,0.0,0,1.0,0.0,0.0,0.3006134969325153,1.0,aug2020$$##$$orders$$##$$customernumber,aug2020_orders_customerNumber_7,Aug2020,orders,customerNumber,orders,customer Number,2024-03-13 20:05:27.849660,2024-03-13 20:08:35.548355,0 days 00:03:07.698695
0.0,1.0,0.0,0.0,0,1.0,0.0,0.0,1.0,1.0,aug2021$$##$$acorn$$##$$acorn_id,aug2021_acorn_acorn_id_1,Aug2021,acorn,acorn_id,acorn,acorn id,2024-03-13 20:05:27.849660,2024-03-13 20:08:35.548355,0 days 00:03:07.698695
0.0,1.0,0.0,0.0,0,0.0,1.0,0.0,1.0,1.0,aug2021$$##$$acorn$$##$$lclid,aug2021_acorn_LCLid_2,Aug2021,acorn,LCLid,acorn,Lc Lid,2024-03-13 20:05:27.849660,2024-03-13 20:08:35.548355,0 days 00:03:07.698695
0.0,1.0,0.0,0.0,0,0.0,0.0,1.0,0.02,0.0,aug2021$$##$$acorn$$##$$acorn,aug2021_acorn_Acorn_3,Aug2021,acorn,Acorn,acorn,Acorn,2024-03-13 20:05:27.849660,2024-03-13 20:08:35.548355,0 days 00:03:07.698695
0.0,1.0,0.0,0.0,0,0.0,1.0,0.0,0.02,1.0,aug2021$$##$$acorn$$##$$file,aug2021_acorn_file_4,Aug2021,acorn,file,acorn,file,2024-03-13 20:05:27.849660,2024-03-13 20:08:35.548355,0 days 00:03:07.698695
0.0,1.0,0.0,0.0,0,1.0,0.0,0.0,1.0,1.0,aug2021$$##$$energy$$##$$energy_id,aug2021_energy_energy_id_1,Aug2021,energy,energy_id,energy,energy id,2024-03-13 20:05:27.849660,2024-03-13 20:08:35.548355,0 days 00:03:07.698695
0.0,1.0,0.0,0.0,0,0.0,1.0,0.0,0.002859247064939566,1.0,aug2021$$##$$energy$$##$$lclid,aug2021_energy_LCLid_2,Aug2021,energy,LCLid,energy,Lc Lid,2024-03-13 20:05:27.849660,2024-03-13 20:08:35.548355,0 days 00:03:07.698695
1.0,1.0,0.0,0.0,0,0.0,1.0,0.0,0.005270834235873443,1.0,aug2021$$##$$energy$$##$$day,aug2021_energy_day_3,Aug2021,energy,day,energy,day,2024-03-13 20:05:27.849660,2024-03-13 20:08:35.548355,0 days 00:03:07.698695
0.0,1.0,0.0,1.0,0,0.0,0.0,0.0,0.05110543112535921,1.0,aug2021$$##$$energy$$##$$energy_median,aug2021_energy_energy_median_4,Aug2021,energy,energy_median,energy,energy median,2024-03-13 20:05:27.849660,2024-03-13 20:08:35.548355,0 days 00:03:07.698695
0.0,1.0,0.0,1.0,0,0.0,4.332192522635706e-05,0.0,0.4403818105676616,1.0,aug2021$$##$$energy$$##$$energy_mean,aug2021_energy_energy_mean_5,Aug2021,energy,energy_mean,energy,energy mean,2024-03-13 20:05:27.849660,2024-03-13 20:08:35.548355,0 days 00:03:07.698695
0.0,1.0,0.0,1.0,0,0.0,0.0,0.0,0.06262906323557019,1.0,aug2021$$##$$energy$$##$$energy_max,aug2021_energy_energy_max_6,Aug2021,energy,energy_max,energy,energy max,2024-03-13 20:05:27.849660,2024-03-13 20:08:35.548355,0 days 00:03:07.698695
0.0,1.0,0.0,1.0,0,0.0,0.0,0.0,0.9454860860137333,0.9989313925110832,aug2021$$##$$energy$$##$$energy_std,aug2021_energy_energy_std_7,Aug2021,energy,energy_std,energy,energy std,2024-03-13 20:05:27.849660,2024-03-13 20:08:35.548355,0 days 00:03:07.698695
0.0,1.0,0.0,1.0,0,0.0,0.0,0.0,0.4365550405060001,1.0,aug2021$$##$$energy$$##$$energy_sum,aug2021_energy_energy_sum_8,Aug2021,energy,energy_sum,energy,energy sum,2024-03-13 20:05:27.849660,2024-03-13 20:08:35.548355,0 days 00:03:07.698695
0.0,1.0,0.0,1.0,0,0.0,0.0,0.0,0.020159135871998152,1.0,aug2021$$##$$energy$$##$$energy_min,aug2021_energy_energy_min_9,Aug2021,energy,energy_min,energy,energy min,2024-03-13 20:05:27.849660,2024-03-13 20:08:35.548355,0 days 00:03:07.698695
0.0,1.0,0.0,0.0,0,1.0,0.0,0.0,1.0,1.0,aug2021$$##$$holidays$$##$$holidays_id,aug2021_holidays_holidays_id_1,Aug2021,holidays,holidays_id,holidays,holidays id,2024-03-13 20:05:27.849660,2024-03-13 20:08:35.548355,0 days 00:03:07.698695
1.0,1.0,0.0,0.0,0,0.0,1.0,0.0,1.0,1.0,aug2021$$##$$holidays$$##$$bank_holidays,aug2021_holidays_Bank_holidays_2,Aug2021,holidays,Bank_holidays,holidays,Bank holidays,2024-03-13 20:05:27.849660,2024-03-13 20:08:35.548355,0 days 00:03:07.698695
0.36,2.64,0.0,0.0,0,0.0,0.0,1.0,0.36,0.0,aug2021$$##$$holidays$$##$$type,aug2021_holidays_Type_3,Aug2021,holidays,Type,holidays,Type,2024-03-13 20:05:27.849660,2024-03-13 20:08:35.548355,0 days 00:03:07.698695
0.0,1.0,0.0,0.0,0,1.0,0.0,0.0,1.0,1.0,aug2021$$##$$weather$$##$$weather_id,aug2021_weather_weather_id_1,Aug2021,weather,weather_id,weather,weather id,2024-03-13 20:05:27.849660,2024-03-13 20:08:35.548355,0 days 00:03:07.698695
1.0,1.0,0.0,0.0,0,0.0,1.0,0.0,0.9863013698630136,1.0,aug2021$$##$$weather$$##$$date,aug2021_weather_Date_2,Aug2021,weather,Date,weather,Date,2024-03-13 20:05:27.849660,2024-03-13 20:08:35.548355,0 days 00:03:07.698695
0.0,1.0,0.0,1.0,0,0.0,0.0027397260273972603,0.0,0.9205479452054794,1.0,aug2021$$##$$weather$$##$$temperaturemax,aug2021_weather_temperatureMax_3,Aug2021,weather,temperatureMax,weather,temperature Max,2024-03-13 20:05:27.849660,2024-03-13 20:08:35.548355,0 days 00:03:07.698695
0.0,1.0,0.0,0.0,0,1.0,0.0,0.0,0.5589041095890411,1.0,aug2021$$##$$weather$$##$$windbearing,aug2021_weather_windBearing_4,Aug2021,weather,windBearing,weather,wind Bearing,2024-03-13 20:05:27.849660,2024-03-13 20:08:35.548355,0 days 00:03:07.698695
0.0,1.0,0.0,0.0,0,0.0,0.0,1.0,0.01643835616438356,0.0,aug2021$$##$$weather$$##$$icon,aug2021_weather_icon_5,Aug2021,weather,icon,weather,icon,2024-03-13 20:05:27.849660,2024-03-13 20:08:35.548355,0 days 00:03:07.698695
0.0,1.0,0.0,1.0,0,0.0,0.13424657534246576,0.0,0.9095890410958904,1.0,aug2021$$##$$weather$$##$$dewpoint,aug2021_weather_dewPoint_6,Aug2021,weather,dewPoint,weather,dew Point,2024-03-13 20:05:27.849660,2024-03-13 20:08:35.548355,0 days 00:03:07.698695
0.0,1.0,0.0,1.0,0,0.0,0.0,0.0,0.23013698630136986,1.0,aug2021$$##$$weather$$##$$cloudcover,aug2021_weather_cloudCover_7,Aug2021,weather,cloudCover,weather,cloud Cover,2024-03-13 20:05:27.849660,2024-03-13 20:08:35.548355,0 days 00:03:07.698695
0.0,1.0,0.0,1.0,0,0.0,0.0,0.0,0.7506849315068493,1.0,aug2021$$##$$weather$$##$$windspeed,aug2021_weather_windSpeed_8,Aug2021,weather,windSpeed,weather,wind Speed,2024-03-13 20:05:27.849660,2024-03-13 20:08:35.548355,0 days 00:03:07.698695
0.0,1.0,0.0,1.0,0,0.0,0.0,0.0,0.947945205479452,1.0,aug2021$$##$$weather$$##$$pressure,aug2021_weather_pressure_9,Aug2021,weather,pressure,weather,pressure,2024-03-13 20:05:27.849660,2024-03-13 20:08:35.548355,0 days 00:03:07.698695
0.0,1.0,0.0,1.0,0,0.0,0.07123287671232877,0.0,0.9123287671232877,1.0,aug2021$$##$$weather$$##$$apparenttemperaturehigh,aug2021_weather_apparentTemperatureHigh_10,Aug2021,weather,apparentTemperatureHigh,weather,apparent Temperature High,2024-03-13 20:05:27.849660,2024-03-13 20:08:35.548355,0 days 00:03:07.698695
0.0,1.0,0.0,0.0,0,0.0,0.0,1.0,0.005479452054794521,0.0,aug2021$$##$$weather$$##$$preciptype,aug2021_weather_precipType_11,Aug2021,weather,precipType,weather,p rec ip Type,2024-03-13 20:05:27.849660,2024-03-13 20:08:35.548355,0 days 00:03:07.698695
0.0,1.0,0.0,1.0,0,0.0,0.0,0.0,0.6958904109589041,1.0,aug2021$$##$$weather$$##$$visibility,aug2021_weather_visibility_12,Aug2021,weather,visibility,weather,visibility,2024-03-13 20:05:27.849660,2024-03-13 20:08:35.548355,0 days 00:03:07.698695
0.0,1.0,0.0,1.0,0,0.0,0.0,0.0,0.1232876712328767,1.0,aug2021$$##$$weather$$##$$humidity,aug2021_weather_humidity_13,Aug2021,weather,humidity,weather,humidity,2024-03-13 20:05:27.849660,2024-03-13 20:08:35.548355,0 days 00:03:07.698695
0.0,1.0,0.0,1.0,0,0.0,0.21643835616438356,0.0,0.9205479452054794,1.0,aug2021$$##$$weather$$##$$apparenttemperaturelow,aug2021_weather_apparentTemperatureLow_14,Aug2021,weather,apparentTemperatureLow,weather,apparent Temperature Low,2024-03-13 20:05:27.849660,2024-03-13 20:08:35.548355,0 days 00:03:07.698695
0.0,1.0,0.0,1.0,0,0.0,0.06027397260273973,0.0,0.9260273972602739,1.0,aug2021$$##$$weather$$##$$apparenttemperaturemax,aug2021_weather_apparentTemperatureMax_15,Aug2021,weather,apparentTemperatureMax,weather,apparent Temperature Max,2024-03-13 20:05:27.849660,2024-03-13 20:08:35.548355,0 days 00:03:07.698695
0.0,1.0,0.0,0.0,0,1.0,0.0,0.0,0.021917808219178082,1.0,aug2021$$##$$weather$$##$$uvindex,aug2021_weather_uvIndex_16,Aug2021,weather,uvIndex,weather,uv Index,2024-03-13 20:05:27.849660,2024-03-13 20:08:35.548355,0 days 00:03:07.698695
0.0,1.0,0.0,1.0,0,0.0,0.057534246575342465,0.0,0.9095890410958904,1.0,aug2021$$##$$weather$$##$$temperaturelow,aug2021_weather_temperatureLow_17,Aug2021,weather,temperatureLow,weather,temperature Low,2024-03-13 20:05:27.849660,2024-03-13 20:08:35.548355,0 days 00:03:07.698695
0.0,1.0,0.0,1.0,0,0.0,0.06575342465753424,0.0,0.9068493150684932,1.0,aug2021$$##$$weather$$##$$temperaturemin,aug2021_weather_temperatureMin_18,Aug2021,weather,temperatureMin,weather,temperature Min,2024-03-13 20:05:27.849660,2024-03-13 20:08:35.548355,0 days 00:03:07.698695
0.0,1.0,0.0,1.0,0,0.0,0.00821917808219178,0.0,0.9123287671232877,1.0,aug2021$$##$$weather$$##$$temperaturehigh,aug2021_weather_temperatureHigh_19,Aug2021,weather,temperatureHigh,weather,temperature High,2024-03-13 20:05:27.849660,2024-03-13 20:08:35.548355,0 days 00:03:07.698695
0.0,5.052054794520548,0.0,0.0,0,0.0,0.0,1.0,0.15342465753424658,0.0,aug2021$$##$$weather$$##$$summary,aug2021_weather_summary_20,Aug2021,weather,summary,weather,summary,2024-03-13 20:05:27.849660,2024-03-13 20:08:35.548355,0 days 00:03:07.698695
0.0,1.0,0.0,1.0,0,0.0,0.23013698630136986,0.0,0.9068493150684932,1.0,aug2021$$##$$weather$$##$$apparenttemperaturemin,aug2021_weather_apparentTemperatureMin_21,Aug2021,weather,apparentTemperatureMin,weather,apparent Temperature Min,2024-03-13 20:05:27.849660,2024-03-13 20:08:35.548355,0 days 00:03:07.698695
0.0,1.0,0.0,1.0,0,0.0,0.0,0.0,0.273972602739726,1.0,aug2021$$##$$weather$$##$$moonphase,aug2021_weather_moonPhase_22,Aug2021,weather,moonPhase,weather,moon Phase,2024-03-13 20:05:27.849660,2024-03-13 20:08:35.548355,0 days 00:03:07.698695
0.069,1.0,0.0,0.0,0,1.0,0.0,0.0,1.0,1.0,czechfinancial$$##$$account$$##$$account_id,czechfinancial_account_account_id_1,CzechFinancial,account,account_id,account,account id,2024-03-13 20:05:27.849660,2024-03-13 20:08:35.548355,0 days 00:03:07.698695
0.0,1.0,0.0,0.0,0,1.0,0.0,0.0,0.01711111111111111,1.0,czechfinancial$$##$$account$$##$$district_id,czechfinancial_account_district_id_2,CzechFinancial,account,district_id,account,district id,2024-03-13 20:05:27.849660,2024-03-13 20:08:35.548355,0 days 00:03:07.698695
0.0,2.0206666666666666,0.0,0.0,0,0.0,0.0,1.0,0.0006666666666666666,0.0,czechfinancial$$##$$account$$##$$frequency,czechfinancial_account_frequency_3,CzechFinancial,account,frequency,account,frequency,2024-03-13 20:05:27.849660,2024-03-13 20:08:35.548355,0 days 00:03:07.698695
0.0,1.0,0.0,0.0,0,1.0,0.0,0.0,0.3411111111111111,1.0,czechfinancial$$##$$account$$##$$date,czechfinancial_account_date_4,CzechFinancial,account,date,account,date,2024-03-13 20:05:27.849660,2024-03-13 20:08:35.548355,0 days 00:03:07.698695
0.0,1.0,0.0,0.0,0,1.0,0.0,0.0,1.0,1.0,czechfinancial$$##$$card$$##$$card_id,czechfinancial_card_card_id_1,CzechFinancial,card,card_id,card,card id,2024-03-13 20:05:27.849660,2024-03-13 20:08:35.548355,0 days 00:03:07.698695
0.04596412556053812,1.0,0.0,0.0,0,1.0,0.0,0.0,1.0,1.0,czechfinancial$$##$$card$$##$$disp_id,czechfinancial_card_disp_id_2,CzechFinancial,card,disp_id,card,dis p id,2024-03-13 20:05:27.849660,2024-03-13 20:08:35.548355,0 days 00:03:07.698695
0.0,1.0,0.0,0.0,0,0.0,0.0,1.0,0.0033632286995515697,0.0,czechfinancial$$##$$card$$##$$type,czechfinancial_card_type_3,CzechFinancial,card,type,card,type,2024-03-13 20:05:27.849660,2024-03-13 20:08:35.548355,0 days 00:03:07.698695
0.0,2.0,0.0,0.0,0,0.0,1.0,0.0,0.6804932735426009,1.0,czechfinancial$$##$$card$$##$$issued,czechfinancial_card_issued_4,CzechFinancial,card,issued,card,issued,2024-03-13 20:05:27.849660,2024-03-13 20:08:35.548355,0 days 00:03:07.698695
0.0,1.0,0.0,0.0,0,1.0,0.0,0.0,1.0,1.0,czechfinancial$$##$$client$$##$$client_id,czechfinancial_client_client_id_1,CzechFinancial,client,client_id,client,client id,2024-03-13 20:05:27.849660,2024-03-13 20:08:35.548355,0 days 00:03:07.698695
0.0,1.0,0.0,0.0,0,1.0,0.0,0.0,0.9348109517601043,1.0,czechfinancial$$##$$client$$##$$birth_number,czechfinancial_client_birth_number_2,CzechFinancial,client,birth_number,client,birth number,2024-03-13 20:05:27.849660,2024-03-13 20:08:35.548355,0 days 00:03:07.698695
0.0,1.0,0.0,0.0,0,1.0,0.0,0.0,0.014341590612777053,1.0,czechfinancial$$##$$client$$##$$district_id,czechfinancial_client_district_id_3,CzechFinancial,client,district_id,client,district id,2024-03-13 20:05:27.849660,2024-03-13 20:08:35.548355,0 days 00:03:07.698695
0.0,1.0,0.0,0.0,0,1.0,0.0,0.0,1.0,1.0,czechfinancial$$##$$disp$$##$$disp_id,czechfinancial_disp_disp_id_1,CzechFinancial,disp,disp_id,dis p,dis p id,2024-03-13 20:05:27.849660,2024-03-13 20:08:35.548355,0 days 00:03:07.698695
0.0,1.0,0.0,0.0,0,1.0,0.0,0.0,1.0,1.0,czechfinancial$$##$$disp$$##$$client_id,czechfinancial_disp_client_id_2,CzechFinancial,disp,client_id,dis p,client id,2024-03-13 20:05:27.849660,2024-03-13 20:08:35.548355,0 days 00:03:07.698695
0.0,1.0,0.0,0.0,0,1.0,0.0,0.0,0.8381449059415161,1.0,czechfinancial$$##$$disp$$##$$account_id,czechfinancial_disp_account_id_3,CzechFinancial,disp,account_id,dis p,account id,2024-03-13 20:05:27.849660,2024-03-13 20:08:35.548355,0 days 00:03:07.698695
0.0,1.0,0.0,0.0,0,0.0,0.0,1.0,0.00037250884708511827,0.0,czechfinancial$$##$$disp$$##$$type,czechfinancial_disp_type_4,CzechFinancial,disp,type,dis p,type,2024-03-13 20:05:27.849660,2024-03-13 20:08:35.548355,0 days 00:03:07.698695
0.0,1.0,0.0,0.0,0,1.0,0.0,0.0,1.0,1.0,czechfinancial$$##$$district$$##$$a1,czechfinancial_district_A1_1,CzechFinancial,district,A1,district,A1,2024-03-13 20:05:27.849660,2024-03-13 20:08:35.548355,0 days 00:03:07.698695
0.0,1.5194805194805194,0.0,0.0,0,0.0,0.0,1.0,1.0,0.0,czechfinancial$$##$$district$$##$$a2,czechfinancial_district_A2_2,CzechFinancial,district,A2,district,A2,2024-03-13 20:05:27.849660,2024-03-13 20:08:35.548355,0 days 00:03:07.698695
0.0,1.9870129870129871,0.0,0.0,0,0.0,0.0,1.0,0.1038961038961039,0.0,czechfinancial$$##$$district$$##$$a3,czechfinancial_district_A3_3,CzechFinancial,district,A3,district,A3,2024-03-13 20:05:27.849660,2024-03-13 20:08:35.548355,0 days 00:03:07.698695
0.0,1.0,0.0,0.0,0,1.0,0.0,0.0,1.0,1.0,czechfinancial$$##$$district$$##$$a4,czechfinancial_district_A4_4,CzechFinancial,district,A4,district,A4,2024-03-13 20:05:27.849660,2024-03-13 20:08:35.548355,0 days 00:03:07.698695
0.0,1.0,0.0,0.0,0,1.0,0.0,0.0,0.6883116883116883,1.0,czechfinancial$$##$$district$$##$$a5,czechfinancial_district_A5_5,CzechFinancial,district,A5,district,A5,2024-03-13 20:05:27.849660,2024-03-13 20:08:35.548355,0 days 00:03:07.698695
0.0,1.0,0.0,0.0,0,1.0,0.0,0.0,0.4675324675324675,1.0,czechfinancial$$##$$district$$##$$a6,czechfinancial_district_A6_6,CzechFinancial,district,A6,district,A6,2024-03-13 20:05:27.849660,2024-03-13 20:08:35.548355,0 days 00:03:07.698695
0.0,1.0,0.0,0.0,0,1.0,0.0,0.0,0.22077922077922077,1.0,czechfinancial$$##$$district$$##$$a7,czechfinancial_district_A7_7,CzechFinancial,district,A7,district,A7,2024-03-13 20:05:27.849660,2024-03-13 20:08:35.548355,0 days 00:03:07.698695
0.0,1.0,0.0,0.0,0,1.0,0.0,0.0,0.07792207792207792,1.0,czechfinancial$$##$$district$$##$$a8,czechfinancial_district_A8_8,CzechFinancial,district,A8,district,A8,2024-03-13 20:05:27.849660,2024-03-13 20:08:35.548355,0 days 00:03:07.698695
0.0,1.0,0.0,0.0,0,1.0,0.0,0.0,0.14285714285714285,1.0,czechfinancial$$##$$district$$##$$a9,czechfinancial_district_A9_9,CzechFinancial,district,A9,district,A9,2024-03-13 20:05:27.849660,2024-03-13 20:08:35.548355,0 days 00:03:07.698695
0.0,1.0,0.0,1.0,0,0.0,0.0,0.0,0.9090909090909091,1.0,czechfinancial$$##$$district$$##$$a10,czechfinancial_district_A10_10,CzechFinancial,district,A10,district,A10,2024-03-13 20:05:27.849660,2024-03-13 20:08:35.548355,0 days 00:03:07.698695
0.0,1.0,0.0,0.0,0,1.0,0.0,0.0,0.987012987012987,1.0,czechfinancial$$##$$district$$##$$a11,czechfinancial_district_A11_11,CzechFinancial,district,A11,district,A11,2024-03-13 20:05:27.849660,2024-03-13 20:08:35.548355,0 days 00:03:07.698695
0.0,1.0,0.0,1.0,0,0.0,0.0,0.0,0.9210526315789473,0.987012987012987,czechfinancial$$##$$district$$##$$a12,czechfinancial_district_A12_12,CzechFinancial,district,A12,district,A12,2024-03-13 20:05:27.849660,2024-03-13 20:08:35.548355,0 days 00:03:07.698695
0.0,1.0,0.0,1.0,0,0.0,0.0,0.0,0.948051948051948,1.0,czechfinancial$$##$$district$$##$$a13,czechfinancial_district_A13_13,CzechFinancial,district,A13,district,A13,2024-03-13 20:05:27.849660,2024-03-13 20:08:35.548355,0 days 00:03:07.698695
0.0,1.0,0.0,0.0,0,1.0,0.0,0.0,0.5714285714285714,1.0,czechfinancial$$##$$district$$##$$a14,czechfinancial_district_A14_14,CzechFinancial,district,A14,district,A14,2024-03-13 20:05:27.849660,2024-03-13 20:08:35.548355,0 days 00:03:07.698695
0.07894736842105263,1.0,0.0,0.0,0,1.0,0.0,0.0,0.9868421052631579,0.987012987012987,czechfinancial$$##$$district$$##$$a15,czechfinancial_district_A15_15,CzechFinancial,district,A15,district,A15,2024-03-13 20:05:27.849660,2024-03-13 20:08:35.548355,0 days 00:03:07.698695
0.07792207792207792,1.0,0.0,0.0,0,1.0,0.0,0.0,0.987012987012987,1.0,czechfinancial$$##$$district$$##$$a16,czechfinancial_district_A16_16,CzechFinancial,district,A16,district,A16,2024-03-13 20:05:27.849660,2024-03-13 20:08:35.548355,0 days 00:03:07.698695
0.0,1.0,0.0,0.0,0,1.0,0.0,0.0,1.0,1.0,czechfinancial$$##$$loan$$##$$loan_id,czechfinancial_loan_loan_id_1,CzechFinancial,loan,loan_id,loan,loan id,2024-03-13 20:05:27.849660,2024-03-13 20:08:35.548355,0 days 00:03:07.698695
0.03519061583577713,1.0,0.0,0.0,0,1.0,0.0,0.0,1.0,1.0,czechfinancial$$##$$loan$$##$$account_id,czechfinancial_loan_account_id_2,CzechFinancial,loan,account_id,loan,account id,2024-03-13 20:05:27.849660,2024-03-13 20:08:35.548355,0 days 00:03:07.698695
0.0,1.0,0.0,0.0,0,1.0,0.0,0.0,0.8196480938416423,1.0,czechfinancial$$##$$loan$$##$$date,czechfinancial_loan_date_3,CzechFinancial,loan,date,loan,date,2024-03-13 20:05:27.849660,2024-03-13 20:08:35.548355,0 days 00:03:07.698695
0.0,1.0,0.0,0.0,0,1.0,0.0,0.0,0.9457478005865103,1.0,czechfinancial$$##$$loan$$##$$amount,czechfinancial_loan_amount_4,CzechFinancial,loan,amount,loan,amount,2024-03-13 20:05:27.849660,2024-03-13 20:08:35.548355,0 days 00:03:07.698695
0.0,1.0,0.0,0.0,0,1.0,0.0,0.0,0.007331378299120235,1.0,czechfinancial$$##$$loan$$##$$duration,czechfinancial_loan_duration_5,CzechFinancial,loan,duration,loan,duration,2024-03-13 20:05:27.849660,2024-03-13 20:08:35.548355,0 days 00:03:07.698695
0.0,1.0,0.0,1.0,1,0.0,0.0,0.0,0.8460410557184751,1.0,czechfinancial$$##$$loan$$##$$payments,czechfinancial_loan_payments_6,CzechFinancial,loan,payments,loan,payments,2024-03-13 20:05:27.849660,2024-03-13 20:08:35.548355,0 days 00:03:07.698695
0.0,1.0,0.0,0.0,0,0.0,0.0,1.0,0.005865102639296188,0.0,czechfinancial$$##$$loan$$##$$status,czechfinancial_loan_status_7,CzechFinancial,loan,status,loan,status,2024-03-13 20:05:27.849660,2024-03-13 20:08:35.548355,0 days 00:03:07.698695
0.0,1.0,0.0,0.0,0,1.0,0.0,0.0,1.0,1.0,czechfinancial$$##$$order$$##$$order_id,czechfinancial_order_order_id_1,CzechFinancial,order,order_id,order,order id,2024-03-13 20:05:27.849660,2024-03-13 20:08:35.548355,0 days 00:03:07.698695
0.0,1.0,0.0,0.0,0,1.0,0.0,0.0,0.5807448616906197,1.0,czechfinancial$$##$$order$$##$$account_id,czechfinancial_order_account_id_2,CzechFinancial,order,account_id,order,account id,2024-03-13 20:05:27.849660,2024-03-13 20:08:35.548355,0 days 00:03:07.698695
0.0,1.0,0.0,0.0,0,0.0,0.0,1.0,0.00200896306598671,0.0,czechfinancial$$##$$order$$##$$bank_to,czechfinancial_order_bank_to_3,CzechFinancial,order,bank_to,order,bank to,2024-03-13 20:05:27.849660,2024-03-13 20:08:35.548355,0 days 00:03:07.698695
0.0,1.0,0.0,0.0,0,1.0,0.0,0.0,0.9961366094884871,1.0,czechfinancial$$##$$order$$##$$account_to,czechfinancial_order_account_to_4,CzechFinancial,order,account_to,order,account to,2024-03-13 20:05:27.849660,2024-03-13 20:08:35.548355,0 days 00:03:07.698695
0.0,1.0,0.0,1.0,0,0.0,0.0,0.0,0.6818111574717972,1.0,czechfinancial$$##$$order$$##$$amount,czechfinancial_order_amount_5,CzechFinancial,order,amount,order,amount,2024-03-13 20:05:27.849660,2024-03-13 20:08:35.548355,0 days 00:03:07.698695
0.0,1.0,0.0,0.0,0,0.0,0.0,1.0,0.0007855459544383347,0.0,czechfinancial$$##$$order$$##$$k_symbol,czechfinancial_order_k_symbol_6,CzechFinancial,order,k_symbol,order,k symbol,2024-03-13 20:05:27.849660,2024-03-13 20:08:35.548355,0 days 00:03:07.698695
0.0,1.0,0.0,0.0,0,1.0,0.0,0.0,1.0,1.0,czechfinancial$$##$$trans$$##$$trans_id,czechfinancial_trans_trans_id_1,CzechFinancial,trans,trans_id,trans,trans id,2024-03-13 20:05:27.849660,2024-03-13 20:08:35.548355,0 days 00:03:07.698695
0.046,1.0,0.0,0.0,0,1.0,0.0,0.0,0.0045,1.0,czechfinancial$$##$$trans$$##$$account_id,czechfinancial_trans_account_id_2,CzechFinancial,trans,account_id,trans,account id,2024-03-13 20:05:27.849660,2024-03-13 20:08:35.548355,0 days 00:03:07.698695
0.0,1.0,0.0,0.0,0,1.0,0.0,0.0,0.002191,1.0,czechfinancial$$##$$trans$$##$$date,czechfinancial_trans_date_3,CzechFinancial,trans,date,trans,date,2024-03-13 20:05:27.849660,2024-03-13 20:08:35.548355,0 days 00:03:07.698695
0.0,1.0,0.0,0.0,0,0.0,0.0,1.0,3e-06,0.0,czechfinancial$$##$$trans$$##$$type,czechfinancial_trans_type_4,CzechFinancial,trans,type,trans,type,2024-03-13 20:05:27.849660,2024-03-13 20:08:35.548355,0 days 00:03:07.698695
0.0,1.6360398420931013,0.0,0.0,0,0.0,0.0,1.0,6.0491456791557325e-06,0.0,czechfinancial$$##$$trans$$##$$operation,czechfinancial_trans_operation_5,CzechFinancial,trans,operation,trans,operation,2024-03-13 20:05:27.849660,2024-03-13 20:08:35.548355,0 days 00:03:07.698695
0.0,1.0,0.0,1.0,0,0.0,0.0,0.0,0.039647,1.0,czechfinancial$$##$$trans$$##$$amount,czechfinancial_trans_amount_6,CzechFinancial,trans,amount,trans,amount,2024-03-13 20:05:27.849660,2024-03-13 20:08:35.548355,0 days 00:03:07.698695
0.0,1.0,0.0,1.0,0,0.0,0.00286,0.0,0.527848,1.0,czechfinancial$$##$$trans$$##$$balance,czechfinancial_trans_balance_7,CzechFinancial,trans,balance,trans,balance,2024-03-13 20:05:27.849660,2024-03-13 20:08:35.548355,0 days 00:03:07.698695
0.0,1.002985256117951,0.0,0.0,0,0.0,0.0,1.0,1.4186553174241273e-05,0.0,czechfinancial$$##$$trans$$##$$k_symbol,czechfinancial_trans_k_symbol_8,CzechFinancial,trans,k_symbol,trans,k symbol,2024-03-13 20:05:27.849660,2024-03-13 20:08:35.548355,0 days 00:03:07.698695
0.0,1.0,0.0,0.0,0,0.0,0.0,1.0,5.018278112973021e-05,0.0,czechfinancial$$##$$trans$$##$$bank,czechfinancial_trans_bank_9,CzechFinancial,trans,bank,trans,bank,2024-03-13 20:05:27.849660,2024-03-13 20:08:35.548355,0 days 00:03:07.698695
0.0,1.0,0.0,1.0,1,0.0,0.0,0.0,0.027391678848291415,0.279793,czechfinancial$$##$$trans$$##$$account,czechfinancial_trans_account_10,CzechFinancial,trans,account,trans,account,2024-03-13 20:05:27.849660,2024-03-13 20:08:35.548355,0 days 00:03:07.698695
0.0,1.0,0.0,0.0,0,1.0,0.0,0.0,0.007232445298910556,1.0,jan2020$$##$$air_traffic_landings$$##$$activity_period,jan2020_air_traffic_landings_activity_period_1,Jan2020,air_traffic_landings,activity_period,air traffic landings,activity period,2024-03-13 20:05:27.849660,2024-03-13 20:08:35.548355,0 days 00:03:07.698695
0.0,2.418749427812872,0.0,0.0,0,0.0,0.08550764442003113,0.9144923555799689,0.005218346608074705,0.08550764442003113,jan2020$$##$$air_traffic_landings$$##$$operating_airline,jan2020_air_traffic_landings_operating_airline_2,Jan2020,air_traffic_landings,operating_airline,air traffic landings,operating airline,2024-03-13 20:05:27.849660,2024-03-13 20:08:35.548355,0 days 00:03:07.698695
0.0,1.0,0.0,0.0,0,0.0,0.05973715651135006,0.94026284348865,0.004549214226633582,0.05950746132015014,jan2020$$##$$air_traffic_landings$$##$$operating_airline_iata_code,jan2020_air_traffic_landings_operating_airline_IATA_code_3,Jan2020,air_traffic_landings,operating_airline_IATA_code,air traffic landings,operating airline I At A code,2024-03-13 20:05:27.849660,2024-03-13 20:08:35.548355,0 days 00:03:07.698695
0.0,2.4994049253867985,0.0,0.0,0,0.0,0.10592328114986725,0.8940767188501327,0.0047148219353657424,0.10592328114986725,jan2020$$##$$air_traffic_landings$$##$$published_airline,jan2020_air_traffic_landings_published_airline_4,Jan2020,air_traffic_landings,published_airline,air traffic landings,published airline,2024-03-13 20:05:27.849660,2024-03-13 20:08:35.548355,0 days 00:03:07.698695
0.0,1.0,0.0,0.0,0,0.0,0.05996691480562448,0.9400330851943756,0.0041356492969396195,0.059736336171381486,jan2020$$##$$air_traffic_landings$$##$$published_airline_iata_code,jan2020_air_traffic_landings_published_airline_IATA_code_5,Jan2020,air_traffic_landings,published_airline_IATA_code,air traffic landings,published airline I At A code,2024-03-13 20:05:27.849660,2024-03-13 20:08:35.548355,0 days 00:03:07.698695
0.0,1.0,0.0,0.0,0,0.0,0.0,1.0,9.154994049253868e-05,0.0,jan2020$$##$$air_traffic_landings$$##$$geo_summary,jan2020_air_traffic_landings_geo_summary_6,Jan2020,air_traffic_landings,geo_summary,air traffic landings,geo summary,2024-03-13 20:05:27.849660,2024-03-13 20:08:35.548355,0 days 00:03:07.698695
0.0,1.0817540968598371,0.0,0.0,0,0.0,0.0,1.0,0.0004577497024626934,0.0,jan2020$$##$$air_traffic_landings$$##$$geo_region,jan2020_air_traffic_landings_geo_region_7,Jan2020,air_traffic_landings,geo_region,air traffic landings,geo region,2024-03-13 20:05:27.849660,2024-03-13 20:08:35.548355,0 days 00:03:07.698695
0.0,1.0,0.0,0.0,0,0.0,0.0,1.0,0.00013732491073880802,0.0,jan2020$$##$$air_traffic_landings$$##$$landing_aircraft_type,jan2020_air_traffic_landings_landing_aircraft_type_8,Jan2020,air_traffic_landings,landing_aircraft_type,air traffic landings,landing aircraft type,2024-03-13 20:05:27.849660,2024-03-13 20:08:35.548355,0 days 00:03:07.698695
0.0,2.0,0.0,0.0,0,0.0,0.0,1.0,0.00018309988098507736,0.0,jan2020$$##$$air_traffic_landings$$##$$aircraft_body_type,jan2020_air_traffic_landings_aircraft_body_type_9,Jan2020,air_traffic_landings,aircraft_body_type,air traffic landings,aircraft body type,2024-03-13 20:05:27.849660,2024-03-13 20:08:35.548355,0 days 00:03:07.698695
0.0,1.0414911155889357,0.0,0.0,0,0.0,0.0,1.0,0.0006869389998168163,0.0,jan2020$$##$$air_traffic_landings$$##$$aircraft_manufacturer,jan2020_air_traffic_landings_aircraft_manufacturer_10,Jan2020,air_traffic_landings,aircraft_manufacturer,air traffic landings,aircraft manufacturer,2024-03-13 20:05:27.849660,2024-03-13 20:08:35.548355,0 days 00:03:07.698695
0.0,1.0,0.0,0.0,0,0.4820562116634624,0.46365467362446217,0.05428911471207544,0.004211297262656779,0.9457108852879246,jan2020$$##$$air_traffic_landings$$##$$aircraft_model,jan2020_air_traffic_landings_aircraft_model_11,Jan2020,air_traffic_landings,aircraft_model,air traffic landings,aircraft model,2024-03-13 20:05:27.849660,2024-03-13 20:08:35.548355,0 days 00:03:07.698695
0.0,1.0,0.0,0.0,0,0.7995624250123509,0.19218011151104525,0.008257463476603853,0.006634201425647541,0.6432298819005767,jan2020$$##$$air_traffic_landings$$##$$aircraft_version,jan2020_air_traffic_landings_aircraft_version_12,Jan2020,air_traffic_landings,aircraft_version,air traffic landings,aircraft version,2024-03-13 20:05:27.849660,2024-03-13 20:08:35.548355,0 days 00:03:07.698695
0.003,1.0,0.0,0.0,0,1.0,0.0,0.0,0.057813787421038175,1.0,jan2020$$##$$air_traffic_landings$$##$$landing_count,jan2020_air_traffic_landings_landing_count_13,Jan2020,air_traffic_landings,landing_count,air traffic landings,landing count,2024-03-13 20:05:27.849660,2024-03-13 20:08:35.548355,0 days 00:03:07.698695
0.0,1.0,0.0,0.0,0,1.0,0.0,0.0,0.39956971527968504,1.0,jan2020$$##$$air_traffic_landings$$##$$total_landed_weight,jan2020_air_traffic_landings_total_landed_weight_14,Jan2020,air_traffic_landings,total_landed_weight,air traffic landings,total landed weight,2024-03-13 20:05:27.849660,2024-03-13 20:08:35.548355,0 days 00:03:07.698695
0.0,1.0,0.0,0.0,0,1.0,0.0,0.0,0.008260524225575853,1.0,jan2020$$##$$air_traffic_passenger$$##$$activity_period,jan2020_air_traffic_passenger_activity_period_1,Jan2020,air_traffic_passenger,activity_period,air traffic passenger,activity period,2024-03-13 20:05:27.849660,2024-03-13 20:08:35.548355,0 days 00:03:07.698695
0.0,2.4659782896478686,0.0,0.0,0,0.0,0.11405877680698967,0.8859412231930103,0.004712734974847763,0.11405877680698967,jan2020$$##$$air_traffic_passenger$$##$$operating_airline,jan2020_air_traffic_passenger_operating_airline_2,Jan2020,air_traffic_passenger,operating_airline,air traffic passenger,operating airline,2024-03-13 20:05:27.849660,2024-03-13 20:08:35.548355,0 days 00:03:07.698695
0.0,1.0,0.0,0.0,0,0.0,0.03968759961746892,0.9603124003825311,0.004356603974072893,0.03955520254169976,jan2020$$##$$air_traffic_passenger$$##$$operating_airline_iata_code,jan2020_air_traffic_passenger_operating_airline_IATA_code_3,Jan2020,air_traffic_passenger,operating_airline_IATA_code,air traffic passenger,operating airline I At A code,2024-03-13 20:05:27.849660,2024-03-13 20:08:35.548355,0 days 00:03:07.698695
0.0,2.564522107492719,0.0,0.0,0,0.0,0.14005824728620597,0.859941752713794,0.004183214191157003,0.14005824728620597,jan2020$$##$$air_traffic_passenger$$##$$published_airline,jan2020_air_traffic_passenger_published_airline_4,Jan2020,air_traffic_passenger,published_airline,air traffic passenger,published airline,2024-03-13 20:05:27.849660,2024-03-13 20:08:35.548355,0 days 00:03:07.698695
0.0,1.0,0.0,0.0,0,0.0,0.03968759961746892,0.9603124003825311,0.003878440123260015,0.03955520254169976,jan2020$$##$$air_traffic_passenger$$##$$published_airline_iata_code,jan2020_air_traffic_passenger_published_airline_IATA_code_5,Jan2020,air_traffic_passenger,published_airline_IATA_code,air traffic passenger,published airline I At A code,2024-03-13 20:05:27.849660,2024-03-13 20:08:35.548355,0 days 00:03:07.698695
0.0,1.0,0.0,0.0,0,0.0,0.0,1.0,0.00010590415673815198,0.0,jan2020$$##$$air_traffic_passenger$$##$$geo_summary,jan2020_air_traffic_passenger_geo_summary_6,Jan2020,air_traffic_passenger,geo_summary,air traffic passenger,geo summary,2024-03-13 20:05:27.849660,2024-03-13 20:08:35.548355,0 days 00:03:07.698695
0.0,1.1445591739475773,0.0,0.0,0,0.0,0.0,1.0,0.0004765687053216839,0.0,jan2020$$##$$air_traffic_passenger$$##$$geo_region,jan2020_air_traffic_passenger_geo_region_7,Jan2020,air_traffic_passenger,geo_region,air traffic passenger,geo region,2024-03-13 20:05:27.849660,2024-03-13 20:08:35.548355,0 days 00:03:07.698695
0.0,1.110775747948107,0.0,0.0,0,0.0,0.0,1.0,0.00015885623510722796,0.0,jan2020$$##$$air_traffic_passenger$$##$$activity_type_code,jan2020_air_traffic_passenger_activity_type_code_8,Jan2020,air_traffic_passenger,activity_type_code,air traffic passenger,activity type code,2024-03-13 20:05:27.849660,2024-03-13 20:08:35.548355,0 days 00:03:07.698695
0.0,1.1251787132644957,0.0,0.0,0,0.0,0.0,1.0,0.00010590415673815198,0.0,jan2020$$##$$air_traffic_passenger$$##$$price_category_code,jan2020_air_traffic_passenger_price_category_code_9,Jan2020,air_traffic_passenger,price_category_code,air traffic passenger,price category code,2024-03-13 20:05:27.849660,2024-03-13 20:08:35.548355,0 days 00:03:07.698695
0.0,1.365104580354779,0.0,0.0,0,0.0,0.36510458035477894,0.6348954196452211,0.00026476039184537993,0.36510458035477894,jan2020$$##$$air_traffic_passenger$$##$$terminal,jan2020_air_traffic_passenger_terminal_10,Jan2020,air_traffic_passenger,terminal,air traffic passenger,terminal,2024-03-13 20:05:27.849660,2024-03-13 20:08:35.548355,0 days 00:03:07.698695
0.0,1.0,0.0,0.0,0,0.0,0.0,1.0,0.0004236166269526079,0.0,jan2020$$##$$air_traffic_passenger$$##$$boarding_area,jan2020_air_traffic_passenger_boarding_area_11,Jan2020,air_traffic_passenger,boarding_area,air traffic passenger,boarding area,2024-03-13 20:05:27.849660,2024-03-13 20:08:35.548355,0 days 00:03:07.698695
0.006,1.0,0.0,0.0,0,1.0,0.0,0.0,0.7397405348159916,1.0,jan2020$$##$$air_traffic_passenger$$##$$passenger_count,jan2020_air_traffic_passenger_passenger_count_12,Jan2020,air_traffic_passenger,passenger_count,air traffic passenger,passenger count,2024-03-13 20:05:27.849660,2024-03-13 20:08:35.548355,0 days 00:03:07.698695
0.0,1.0,0.0,0.0,0,1.0,0.0,0.0,1.0,1.0,july2019$$##$$orders_customer$$##$$id,july2019_orders_customer_Id_1,July2019,orders_customer,Id,orders customer,Id,2024-03-13 20:05:27.849660,2024-03-13 20:08:35.548355,0 days 00:03:07.698695
0.0,1.0,0.0,0.0,0,0.0,0.0,1.0,0.945054945054945,0.0,july2019$$##$$orders_customer$$##$$firstname,july2019_orders_customer_FirstName_2,July2019,orders_customer,FirstName,orders customer,First Name,2024-03-13 20:05:27.849660,2024-03-13 20:08:35.548355,0 days 00:03:07.698695
0.0,1.032967032967033,0.0,0.0,0,0.0,0.0,1.0,0.989010989010989,0.0,july2019$$##$$orders_customer$$##$$lastname,july2019_orders_customer_LastName_3,July2019,orders_customer,LastName,orders customer,Last Name,2024-03-13 20:05:27.849660,2024-03-13 20:08:35.548355,0 days 00:03:07.698695
0.0,1.2747252747252746,0.0,0.0,0,0.0,0.0,1.0,0.7582417582417582,0.0,july2019$$##$$orders_customer$$##$$city,july2019_orders_customer_City_4,July2019,orders_customer,City,orders customer,City,2024-03-13 20:05:27.849660,2024-03-13 20:08:35.548355,0 days 00:03:07.698695
0.0,1.0,0.0,0.0,0,0.0,0.0,1.0,0.23076923076923078,0.0,july2019$$##$$orders_customer$$##$$country,july2019_orders_customer_Country_5,July2019,orders_customer,Country,orders customer,Country,2024-03-13 20:05:27.849660,2024-03-13 20:08:35.548355,0 days 00:03:07.698695
0.0,1.9120879120879122,0.7142857142857143,0.0,0,0.0,0.8681318681318682,0.0,1.0,1.0,july2019$$##$$orders_customer$$##$$phone,july2019_orders_customer_Phone_6,July2019,orders_customer,Phone,orders customer,Phone,2024-03-13 20:05:27.849660,2024-03-13 20:08:35.548355,0 days 00:03:07.698695
0.0,1.0,0.0,0.0,0,1.0,0.0,0.0,1.0,1.0,july2019$$##$$orders_orderitem$$##$$id,july2019_orders_orderitem_Id_1,July2019,orders_orderitem,Id,orders order item,Id,2024-03-13 20:05:27.849660,2024-03-13 20:08:35.548355,0 days 00:03:07.698695
0.0,1.0,0.0,0.0,0,1.0,0.0,0.0,0.3851508120649652,1.0,july2019$$##$$orders_orderitem$$##$$orderid,july2019_orders_orderitem_OrderId_2,July2019,orders_orderitem,OrderId,orders order item,Order Id,2024-03-13 20:05:27.849660,2024-03-13 20:08:35.548355,0 days 00:03:07.698695
0.0,1.0,0.0,0.0,0,1.0,0.0,0.0,0.0357308584686775,1.0,july2019$$##$$orders_orderitem$$##$$productid,july2019_orders_orderitem_ProductId_3,July2019,orders_orderitem,ProductId,orders order item,Product Id,2024-03-13 20:05:27.849660,2024-03-13 20:08:35.548355,0 days 00:03:07.698695
0.0,1.0,0.0,1.0,0,0.0,0.0,0.0,0.05382830626450116,1.0,july2019$$##$$orders_orderitem$$##$$unitprice,july2019_orders_orderitem_UnitPrice_4,July2019,orders_orderitem,UnitPrice,orders order item,Unit Price,2024-03-13 20:05:27.849660,2024-03-13 20:08:35.548355,0 days 00:03:07.698695
0.0,1.0,0.0,0.0,0,1.0,0.0,0.0,0.025522041763341066,1.0,july2019$$##$$orders_orderitem$$##$$quantity,july2019_orders_orderitem_Quantity_5,July2019,orders_orderitem,Quantity,orders order item,Quantity,2024-03-13 20:05:27.849660,2024-03-13 20:08:35.548355,0 days 00:03:07.698695
0.0,1.0,0.0,0.0,0,1.0,0.0,0.0,1.0,1.0,july2019$$##$$orders_orders$$##$$id,july2019_orders_orders_Id_1,July2019,orders_orders,Id,orders orders,Id,2024-03-13 20:05:27.849660,2024-03-13 20:08:35.548355,0 days 00:03:07.698695
1.0,4.0,0.0,0.0,0,0.0,1.0,0.0,0.5783132530120482,1.0,july2019$$##$$orders_orders$$##$$orderdate,july2019_orders_orders_OrderDate_2,July2019,orders_orders,OrderDate,orders orders,Order Date,2024-03-13 20:05:27.849660,2024-03-13 20:08:35.548355,0 days 00:03:07.698695
0.0,1.0,0.0,0.0,0,1.0,0.0,0.0,1.0,1.0,july2019$$##$$orders_orders$$##$$ordernumber,july2019_orders_orders_OrderNumber_3,July2019,orders_orders,OrderNumber,orders orders,Order Number,2024-03-13 20:05:27.849660,2024-03-13 20:08:35.548355,0 days 00:03:07.698695
0.0,1.0,0.0,0.0,0,1.0,0.0,0.0,0.10722891566265061,1.0,july2019$$##$$orders_orders$$##$$customerid,july2019_orders_orders_CustomerId_4,July2019,orders_orders,CustomerId,orders orders,Customer Id,2024-03-13 20:05:27.849660,2024-03-13 20:08:35.548355,0 days 00:03:07.698695
0.0,1.0,0.0,1.0,0,0.0,0.0,0.0,0.9385542168674699,1.0,july2019$$##$$orders_orders$$##$$totalamount,july2019_orders_orders_TotalAmount_5,July2019,orders_orders,TotalAmount,orders orders,Total Amount,2024-03-13 20:05:27.849660,2024-03-13 20:08:35.548355,0 days 00:03:07.698695
0.0,1.0,0.0,0.0,0,1.0,0.0,0.0,1.0,1.0,july2019$$##$$orders_product$$##$$id,july2019_orders_product_Id_1,July2019,orders_product,Id,orders product,Id,2024-03-13 20:05:27.849660,2024-03-13 20:08:35.548355,0 days 00:03:07.698695
0.0,2.2564102564102564,0.0,0.0,0,0.0,0.0,1.0,1.0,0.0,july2019$$##$$orders_product$$##$$productname,july2019_orders_product_ProductName_2,July2019,orders_product,ProductName,orders product,Product Name,2024-03-13 20:05:27.849660,2024-03-13 20:08:35.548355,0 days 00:03:07.698695
0.0,1.0,0.0,0.0,0,1.0,0.0,0.0,0.3717948717948718,1.0,july2019$$##$$orders_product$$##$$supplierid,july2019_orders_product_SupplierId_3,July2019,orders_product,SupplierId,orders product,Supplier Id,2024-03-13 20:05:27.849660,2024-03-13 20:08:35.548355,0 days 00:03:07.698695
0.0,1.0,0.0,1.0,0,0.0,0.0,0.0,0.8076923076923077,1.0,july2019$$##$$orders_product$$##$$unitprice,july2019_orders_product_UnitPrice_4,July2019,orders_product,UnitPrice,orders product,Unit Price,2024-03-13 20:05:27.849660,2024-03-13 20:08:35.548355,0 days 00:03:07.698695
0.0,4.384615384615385,0.46153846153846156,0.0,0,0.0,1.0,0.0,0.8974358974358975,1.0,july2019$$##$$orders_product$$##$$package,july2019_orders_product_Package_5,July2019,orders_product,Package,orders product,Package,2024-03-13 20:05:27.849660,2024-03-13 20:08:35.548355,0 days 00:03:07.698695
0.0,2.0,0.0,0.0,0,0.0,0.8974358974358975,0.10256410256410256,0.02564102564102564,0.8974358974358975,july2019$$##$$orders_product$$##$$isdiscontinued,july2019_orders_product_IsDiscontinued_6,July2019,orders_product,IsDiscontinued,orders product,Is Discontinued,2024-03-13 20:05:27.849660,2024-03-13 20:08:35.548355,0 days 00:03:07.698695
0.0,1.0,0.0,0.0,0,1.0,0.0,0.0,1.0,1.0,july2019$$##$$orders_supplier$$##$$id,july2019_orders_supplier_Id_1,July2019,orders_supplier,Id,orders supplier,Id,2024-03-13 20:05:27.849660,2024-03-13 20:08:35.548355,0 days 00:03:07.698695
0.0,2.6551724137931036,0.0,0.0,0,0.0,0.0,1.0,1.0,0.0,july2019$$##$$orders_supplier$$##$$companyname,july2019_orders_supplier_CompanyName_2,July2019,orders_supplier,CompanyName,orders supplier,Company Name,2024-03-13 20:05:27.849660,2024-03-13 20:08:35.548355,0 days 00:03:07.698695
0.0,2.0689655172413794,0.0,0.0,0,0.0,0.0,1.0,1.0,0.0,july2019$$##$$orders_supplier$$##$$contactname,july2019_orders_supplier_ContactName_3,July2019,orders_supplier,ContactName,orders supplier,Contact Name,2024-03-13 20:05:27.849660,2024-03-13 20:08:35.548355,0 days 00:03:07.698695
0.0,0.0,0.0,0.0,0,0.0,0.0,0.0,0.0,0.0,july2019$$##$$orders_supplier$$##$$contacttitle,july2019_orders_supplier_ContactTitle_4,July2019,orders_supplier,ContactTitle,orders supplier,Contact Title,2024-03-13 20:05:27.849660,2024-03-13 20:08:35.548355,0 days 00:03:07.698695
0.0,1.103448275862069,0.0,0.0,0,0.0,0.0,1.0,1.0,0.0,july2019$$##$$orders_supplier$$##$$city,july2019_orders_supplier_City_5,July2019,orders_supplier,City,orders supplier,City,2024-03-13 20:05:27.849660,2024-03-13 20:08:35.548355,0 days 00:03:07.698695
0.0,1.0,0.0,0.0,0,0.0,0.0,1.0,0.5517241379310345,0.0,july2019$$##$$orders_supplier$$##$$country,july2019_orders_supplier_Country_6,July2019,orders_supplier,Country,orders supplier,Country,2024-03-13 20:05:27.849660,2024-03-13 20:08:35.548355,0 days 00:03:07.698695
0.0,2.0,0.5517241379310345,0.0,0,0.034482758620689655,0.896551724137931,0.0,1.0,1.0,july2019$$##$$orders_supplier$$##$$phone,july2019_orders_supplier_Phone_7,July2019,orders_supplier,Phone,orders supplier,Phone,2024-03-13 20:05:27.849660,2024-03-13 20:08:35.548355,0 days 00:03:07.698695
0.0,1.9230769230769231,0.46153846153846156,0.0,0,0.07692307692307693,0.8461538461538461,0.0,1.0,0.4482758620689655,july2019$$##$$orders_supplier$$##$$fax,july2019_orders_supplier_Fax_8,July2019,orders_supplier,Fax,orders supplier,Fax,2024-03-13 20:05:27.849660,2024-03-13 20:08:35.548355,0 days 00:03:07.698695
0.0,1.0,0.0,0.0,0,1.0,0.007407407407407408,0.0,1.0,1.0,lego$$##$$colors$$##$$id,lego_colors_id_1,Lego,colors,id,colors,id,2024-03-13 20:05:27.849660,2024-03-13 20:08:35.548355,0 days 00:03:07.698695
0.0,2.0296296296296297,0.0,0.0,0,0.0,0.0,1.0,1.0,0.0,lego$$##$$colors$$##$$name,lego_colors_name_2,Lego,colors,name,colors,name,2024-03-13 20:05:27.849660,2024-03-13 20:08:35.548355,0 days 00:03:07.698695
0.0,1.0,0.0,0.014814814814814815,0,0.07407407407407407,0.8666666666666667,0.05925925925925926,0.9185185185185185,0.9407407407407408,lego$$##$$colors$$##$$rgb,lego_colors_rgb_3,Lego,colors,rgb,colors,r gb,2024-03-13 20:05:27.849660,2024-03-13 20:08:35.548355,0 days 00:03:07.698695
0.0,1.0,0.0,0.0,0,0.0,0.0,1.0,0.014814814814814815,0.0,lego$$##$$colors$$##$$is_trans,lego_colors_is_trans_4,Lego,colors,is_trans,colors,is trans,2024-03-13 20:05:27.849660,2024-03-13 20:08:35.548355,0 days 00:03:07.698695
0.0,1.0,0.0,0.0,0,1.0,0.0,0.0,1.0,1.0,lego$$##$$inventories$$##$$id,lego_inventories_id_1,Lego,inventories,id,inventories,id,2024-03-13 20:05:27.849660,2024-03-13 20:08:35.548355,0 days 00:03:07.698695
0.0,1.0,0.0,0.0,0,1.0,0.0,0.0,0.00042804554404588647,1.0,lego$$##$$inventories$$##$$version,lego_inventories_version_2,Lego,inventories,version,inventories,version,2024-03-13 20:05:27.849660,2024-03-13 20:08:35.548355,0 days 00:03:07.698695
0.0,1.0,0.003938019005222155,0.0,0,0.0005992637616642411,0.9994007362383358,0.0,0.999058299803099,1.0,lego$$##$$inventories$$##$$set_num,lego_inventories_set_num_3,Lego,inventories,set_num,inventories,set n um,2024-03-13 20:05:27.849660,2024-03-13 20:08:35.548355,0 days 00:03:07.698695
0.0,1.0,0.0,0.0,0,1.0,0.0,0.0,0.01848165707598953,1.0,lego$$##$$inventory_parts$$##$$inventory_id,lego_inventory_parts_inventory_id_1,Lego,inventory_parts,inventory_id,inventory parts,inventory id,2024-03-13 20:05:27.849660,2024-03-13 20:08:35.548355,0 days 00:03:07.698695
0.0,1.0,0.0,0.0,0,0.7875471132320323,0.21214784636303943,0.0003050404049282121,0.03986378308697443,0.9996949595950718,lego$$##$$inventory_parts$$##$$part_num,lego_inventory_parts_part_num_2,Lego,inventory_parts,part_num,inventory parts,part n um,2024-03-13 20:05:27.849660,2024-03-13 20:08:35.548355,0 days 00:03:07.698695
0.0,1.0,0.0,0.0,0,1.0,0.00022231758325276475,0.0,0.00022576436748924172,1.0,lego$$##$$inventory_parts$$##$$color_id,lego_inventory_parts_color_id_3,Lego,inventory_parts,color_id,inventory parts,color id,2024-03-13 20:05:27.849660,2024-03-13 20:08:35.548355,0 days 00:03:07.698695
0.0,1.0,0.0,0.0,0,1.0,0.0,0.0,0.0004118907162589983,1.0,lego$$##$$inventory_parts$$##$$quantity,lego_inventory_parts_quantity_4,Lego,inventory_parts,quantity,inventory parts,quantity,2024-03-13 20:05:27.849660,2024-03-13 20:08:35.548355,0 days 00:03:07.698695
0.0,1.0,0.0,0.0,0,0.0,0.0,1.0,3.446784236476973e-06,0.0,lego$$##$$inventory_parts$$##$$is_spare,lego_inventory_parts_is_spare_5,Lego,inventory_parts,is_spare,inventory parts,is spare,2024-03-13 20:05:27.849660,2024-03-13 20:08:35.548355,0 days 00:03:07.698695
0.05,1.0,0.0,0.0,0,1.0,0.0,0.0,0.20695713281799016,1.0,lego$$##$$inventory_sets$$##$$inventory_id,lego_inventory_sets_inventory_id_1,Lego,inventory_sets,inventory_id,inventory sets,inventory id,2024-03-13 20:05:27.849660,2024-03-13 20:08:35.548355,0 days 00:03:07.698695
0.0,1.0,0.0014054813773717498,0.0,0,0.0014054813773717498,0.9985945186226283,0.0,0.8102600140548137,1.0,lego$$##$$inventory_sets$$##$$set_num,lego_inventory_sets_set_num_2,Lego,inventory_sets,set_num,inventory sets,set n um,2024-03-13 20:05:27.849660,2024-03-13 20:08:35.548355,0 days 00:03:07.698695
0.0,1.0,0.0,0.0,0,1.0,0.0,0.0,0.002459592410400562,1.0,lego$$##$$inventory_sets$$##$$quantity,lego_inventory_sets_quantity_3,Lego,inventory_sets,quantity,inventory sets,quantity,2024-03-13 20:05:27.849660,2024-03-13 20:08:35.548355,0 days 00:03:07.698695
0.0,1.0,0.0,0.0,0,0.3059285192167122,0.6911091447697457,0.0029623360135421074,1.0,0.9970376639864579,lego$$##$$parts$$##$$part_num,lego_parts_part_num_1,Lego,parts,part_num,parts,part n um,2024-03-13 20:05:27.849660,2024-03-13 20:08:35.548355,0 days 00:03:07.698695
0.0,10.195475704997499,0.001769707228869311,0.0,0,0.0,0.5441465009810333,0.45585349901896666,0.9908052167891356,0.5441465009810333,lego$$##$$parts$$##$$name,lego_parts_name_2,Lego,parts,name,parts,name,2024-03-13 20:05:27.849660,2024-03-13 20:08:35.548355,0 days 00:03:07.698695
0.0,1.0,0.0,0.0,0,1.0,0.0,0.0,0.002192898087946755,1.0,lego$$##$$parts$$##$$part_cat_id,lego_parts_part_cat_id_3,Lego,parts,part_cat_id,parts,part cat id,2024-03-13 20:05:27.849660,2024-03-13 20:08:35.548355,0 days 00:03:07.698695
0.0,1.0,0.0,0.0,0,1.0,0.0,0.0,1.0,1.0,lego$$##$$part_categories$$##$$id,lego_part_categories_id_1,Lego,part_categories,id,part categories,id,2024-03-13 20:05:27.849660,2024-03-13 20:08:35.548355,0 days 00:03:07.698695
0.0,2.473684210526316,0.0,0.0,0,0.0,0.0,1.0,1.0,0.0,lego$$##$$part_categories$$##$$name,lego_part_categories_name_2,Lego,part_categories,name,part categories,name,2024-03-13 20:05:27.849660,2024-03-13 20:08:35.548355,0 days 00:03:07.698695
0.001,1.0,0.0039407178959993145,0.0,0,0.0008566778034781119,0.9991433221965219,0.0,1.0,1.0,lego$$##$$sets$$##$$set_num,lego_sets_set_num_1,Lego,sets,set_num,sets,set n um,2024-03-13 20:05:27.849660,2024-03-13 20:08:35.548355,0 days 00:03:07.698695
0.0,3.768268654159171,0.0011993489248693567,0.0,0,0.0,0.19583654587509639,0.8041634541249036,0.8857191810160199,0.19583654587509639,lego$$##$$sets$$##$$name,lego_sets_name_2,Lego,sets,name,sets,name,2024-03-13 20:05:27.849660,2024-03-13 20:08:35.548355,0 days 00:03:07.698695
1.0,1.0,0.0,0.0,0,1.0,0.0,0.0,0.005654073502955538,1.0,lego$$##$$sets$$##$$year,lego_sets_year_3,Lego,sets,year,sets,year,2024-03-13 20:05:27.849660,2024-03-13 20:08:35.548355,0 days 00:03:07.698695
0.0,1.0,0.0,0.0,0,1.0,0.0,0.0,0.04925897369999143,1.0,lego$$##$$sets$$##$$theme_id,lego_sets_theme_id_4,Lego,sets,theme_id,sets,theme id,2024-03-13 20:05:27.849660,2024-03-13 20:08:35.548355,0 days 00:03:07.698695
0.007,1.0,0.0,0.0,0,1.0,0.00025700334104343357,0.0,0.09354921613980982,1.0,lego$$##$$sets$$##$$num_parts,lego_sets_num_parts_5,Lego,sets,num_parts,sets,n um parts,2024-03-13 20:05:27.849660,2024-03-13 20:08:35.548355,0 days 00:03:07.698695
0.0,1.0,0.0,0.0,0,1.0,0.0,0.0,1.0,1.0,lego$$##$$themes$$##$$id,lego_themes_id_1,Lego,themes,id,themes,id,2024-03-13 20:05:27.849660,2024-03-13 20:08:35.548355,0 days 00:03:07.698695
0.0,1.6872964169381108,0.0,0.0,0,0.0,0.0993485342019544,0.9006514657980456,0.6530944625407166,0.0993485342019544,lego$$##$$themes$$##$$name,lego_themes_name_2,Lego,themes,name,themes,name,2024-03-13 20:05:27.849660,2024-03-13 20:08:35.548355,0 days 00:03:07.698695
0.0,1.0,0.0,1.0,1,0.0,0.0,0.0,0.1550695825049702,0.8192182410423453,lego$$##$$themes$$##$$parent_id,lego_themes_parent_id_3,Lego,themes,parent_id,themes,parent id,2024-03-13 20:05:27.849660,2024-03-13 20:08:35.548355,0 days 00:03:07.698695
1.0,1.0,0.0,0.0,0,1.0,0.0,0.0,0.019417475728155338,1.0,may2020$$##$$matches$$##$$year_of_match,may2020_matches_year_of_match_1,May2020,matches,year_of_match,matches,year of match,2024-03-13 20:05:27.849660,2024-03-13 20:08:35.548355,0 days 00:03:07.698695
1.0,5.0,0.0,0.0,0,0.0,1.0,0.0,0.7766990291262136,1.0,may2020$$##$$matches$$##$$date_time,may2020_matches_date_time_2,May2020,matches,date_time,matches,date time,2024-03-13 20:05:27.849660,2024-03-13 20:08:35.548355,0 days 00:03:07.698695
0.0,2.058252427184466,0.0,0.0,0,0.0,0.1553398058252427,0.8446601941747572,0.10679611650485436,0.1553398058252427,may2020$$##$$matches$$##$$stage,may2020_matches_stage_3,May2020,matches,stage,matches,stage,2024-03-13 20:05:27.849660,2024-03-13 20:08:35.548355,0 days 00:03:07.698695
0.0,2.1262135922330097,0.0,0.0,0,0.0,0.0,1.0,0.20388349514563106,0.0,may2020$$##$$matches$$##$$city,may2020_matches_city_4,May2020,matches,city,matches,city,2024-03-13 20:05:27.849660,2024-03-13 20:08:35.548355,0 days 00:03:07.698695
0.0,1.2718446601941749,0.0,0.0,0,0.0,0.0,1.0,0.3300970873786408,0.0,may2020$$##$$matches$$##$$home_team_name,may2020_matches_home_team_name_5,May2020,matches,home_team_name,matches,home team name,2024-03-13 20:05:27.849660,2024-03-13 20:08:35.548355,0 days 00:03:07.698695
0.0,1.0,0.0,0.0,0,1.0,0.0,0.0,0.06796116504854369,1.0,may2020$$##$$matches$$##$$home_team_goals,may2020_matches_home_team_goals_6,May2020,matches,home_team_goals,matches,home team goals,2024-03-13 20:05:27.849660,2024-03-13 20:08:35.548355,0 days 00:03:07.698695
0.0,1.0,0.0,0.0,0,1.0,0.0,0.0,0.05825242718446602,1.0,may2020$$##$$matches$$##$$away_team_goals,may2020_matches_away_team_goals_7,May2020,matches,away_team_goals,matches,away team goals,2024-03-13 20:05:27.849660,2024-03-13 20:08:35.548355,0 days 00:03:07.698695
0.0,1.2135922330097086,0.0,0.0,0,0.0,0.0,1.0,0.3592233009708738,0.0,may2020$$##$$matches$$##$$away_team_name,may2020_matches_away_team_name_8,May2020,matches,away_team_name,matches,away team name,2024-03-13 20:05:27.849660,2024-03-13 20:08:35.548355,0 days 00:03:07.698695
0.0,6.3076923076923075,0.3076923076923077,0.0,0,0.0,0.5384615384615384,0.46153846153846156,0.9230769230769231,0.06796116504854369,may2020$$##$$matches$$##$$win_conditions,may2020_matches_win_conditions_9,May2020,matches,win_conditions,matches,win conditions,2024-03-13 20:05:27.849660,2024-03-13 20:08:35.548355,0 days 00:03:07.698695
0.0,1.0,0.0,0.0,0,1.0,0.0,0.0,0.8640776699029126,1.0,may2020$$##$$matches$$##$$attendance,may2020_matches_attendance_10,May2020,matches,attendance,matches,attendance,2024-03-13 20:05:27.849660,2024-03-13 20:08:35.548355,0 days 00:03:07.698695
0.0,1.0,0.0,0.0,0,1.0,0.0,0.0,0.038834951456310676,1.0,may2020$$##$$matches$$##$$half_time_home_goals,may2020_matches_half_time_home_goals_11,May2020,matches,half_time_home_goals,matches,half time home goals,2024-03-13 20:05:27.849660,2024-03-13 20:08:35.548355,0 days 00:03:07.698695
0.0,1.0,0.0,0.0,0,1.0,0.0,0.0,0.02912621359223301,1.0,may2020$$##$$matches$$##$$half_time_away_goals,may2020_matches_half_time_away_goals_12,May2020,matches,half_time_away_goals,matches,half time away goals,2024-03-13 20:05:27.849660,2024-03-13 20:08:35.548355,0 days 00:03:07.698695
0.0,3.3883495145631066,0.0,0.0,0,0.0,0.0,1.0,0.5242718446601942,0.0,may2020$$##$$matches$$##$$referee,may2020_matches_referee_13,May2020,matches,referee,matches,referee,2024-03-13 20:05:27.849660,2024-03-13 20:08:35.548355,0 days 00:03:07.698695
0.0,3.436893203883495,0.0,0.0,0,0.0,0.0,1.0,0.5533980582524272,0.0,may2020$$##$$matches$$##$$assistant_1,may2020_matches_assistant_1_14,May2020,matches,assistant_1,matches,assistant 1,2024-03-13 20:05:27.849660,2024-03-13 20:08:35.548355,0 days 00:03:07.698695
0.0,3.4271844660194173,0.0,0.0,0,0.0,0.0,1.0,0.5242718446601942,0.0,may2020$$##$$matches$$##$$assistant_2,may2020_matches_assistant_2_15,May2020,matches,assistant_2,matches,assistant 2,2024-03-13 20:05:27.849660,2024-03-13 20:08:35.548355,0 days 00:03:07.698695
0.0,1.0,0.0,0.0,0,1.0,0.0,0.0,0.11650485436893204,1.0,may2020$$##$$matches$$##$$round_id,may2020_matches_round_id_16,May2020,matches,round_id,matches,round id,2024-03-13 20:05:27.849660,2024-03-13 20:08:35.548355,0 days 00:03:07.698695
0.0,1.0,0.0,0.0,0,1.0,0.0,0.0,1.0,1.0,may2020$$##$$matches$$##$$match_id,may2020_matches_match_id_17,May2020,matches,match_id,matches,match id,2024-03-13 20:05:27.849660,2024-03-13 20:08:35.548355,0 days 00:03:07.698695
0.0,1.0,0.0,0.0,0,0.0,0.0,1.0,0.3300970873786408,0.0,may2020$$##$$matches$$##$$home_team_initials,may2020_matches_home_team_initials_18,May2020,matches,home_team_initials,matches,home team initials,2024-03-13 20:05:27.849660,2024-03-13 20:08:35.548355,0 days 00:03:07.698695
0.0,1.0,0.0,0.0,0,0.0,0.0,1.0,0.3592233009708738,0.0,may2020$$##$$matches$$##$$away_team_initials,may2020_matches_away_team_initials_19,May2020,matches,away_team_initials,matches,away team initials,2024-03-13 20:05:27.849660,2024-03-13 20:08:35.548355,0 days 00:03:07.698695
0.0,1.0,0.0,0.0,0,1.0,0.0,0.0,1.0,1.0,may2020$$##$$players$$##$$id,may2020_players_id_1,May2020,players,id,players,id,2024-03-13 20:05:27.849660,2024-03-13 20:08:35.548355,0 days 00:03:07.698695
0.0,1.0,0.0,0.0,0,1.0,0.0,0.0,0.0021927248521868515,1.0,may2020$$##$$players$$##$$round_id,may2020_players_round_id_2,May2020,players,round_id,players,round id,2024-03-13 20:05:27.849660,2024-03-13 20:08:35.548355,0 days 00:03:07.698695
0.836,1.0,0.0,0.0,0,1.0,0.0,0.0,0.02161400211441325,1.0,may2020$$##$$players$$##$$match_id,may2020_players_match_id_3,May2020,players,match_id,players,match id,2024-03-13 20:05:27.849660,2024-03-13 20:08:35.548355,0 days 00:03:07.698695
0.0,1.0,0.0,0.0,0,0.0,0.0,1.0,0.002975840870825013,0.0,may2020$$##$$players$$##$$team_initials,may2020_players_team_initials_4,May2020,players,team_initials,players,team initials,2024-03-13 20:05:27.849660,2024-03-13 20:08:35.548355,0 days 00:03:07.698695
0.0,3.1190336348330003,0.0,0.0,0,0.0,0.0,1.0,0.008418497200360234,0.0,may2020$$##$$players$$##$$coach_name,may2020_players_coach_name_5,May2020,players,coach_name,players,coach name,2024-03-13 20:05:27.849660,2024-03-13 20:08:35.548355,0 days 00:03:07.698695
0.0,1.0,0.0,0.0,0,0.0,0.0,1.0,7.831160186381613e-05,0.0,may2020$$##$$players$$##$$line_up,may2020_players_line_up_6,May2020,players,line_up,players,line up,2024-03-13 20:05:27.849660,2024-03-13 20:08:35.548355,0 days 00:03:07.698695
0.0,1.0,0.0,0.0,0,1.0,0.0,0.0,0.0009005834214338854,1.0,may2020$$##$$players$$##$$shirt_number,may2020_players_shirt_number_7,May2020,players,shirt_number,players,shirt number,2024-03-13 20:05:27.849660,2024-03-13 20:08:35.548355,0 days 00:03:07.698695
0.0,1.6122792591722463,0.0,0.0,0,0.0,0.0,1.0,0.19405614941853636,0.0,may2020$$##$$players$$##$$player_name,may2020_players_player_name_8,May2020,players,player_name,players,player name,2024-03-13 20:05:27.849660,2024-03-13 20:08:35.548355,0 days 00:03:07.698695
0.0,1.0,0.0,0.0,0,0.0,0.0,1.0,0.000988793671720501,0.0,may2020$$##$$players$$##$$position,may2020_players_position_9,May2020,players,position,players,position,2024-03-13 20:05:27.849660,2024-03-13 20:08:35.548355,0 days 00:03:07.698695
0.0,1.178904505451202,0.0,0.0,0,0.0,1.0,0.0,0.2126625508997767,0.29809311249461606,may2020$$##$$players$$##$$event,may2020_players_event_10,May2020,players,event,players,event,2024-03-13 20:05:27.849660,2024-03-13 20:08:35.548355,0 days 00:03:07.698695
1.0,1.0,0.0,0.0,0,1.0,0.0,0.0,1.0,1.0,may2020$$##$$worldcups$$##$$year_of_match,may2020_worldcups_year_of_match_1,May2020,worldcups,year_of_match,world cups,year of match,2024-03-13 20:05:27.849660,2024-03-13 20:08:35.548355,0 days 00:03:07.698695
0.0,1.0,0.0,0.0,0,0.0,0.0,1.0,0.8888888888888888,0.0,may2020$$##$$worldcups$$##$$country,may2020_worldcups_country_2,May2020,worldcups,country,world cups,country,2024-03-13 20:05:27.849660,2024-03-13 20:08:35.548355,0 days 00:03:07.698695
0.0,1.2222222222222223,0.0,0.0,0,0.0,0.0,1.0,0.6666666666666666,0.0,may2020$$##$$worldcups$$##$$winner,may2020_worldcups_winner_3,May2020,worldcups,winner,world cups,winner,2024-03-13 20:05:27.849660,2024-03-13 20:08:35.548355,0 days 00:03:07.698695
0.0,1.1111111111111112,0.0,0.0,0,0.0,0.0,1.0,0.7777777777777778,0.0,may2020$$##$$worldcups$$##$$runners_up,may2020_worldcups_runners_up_4,May2020,worldcups,runners_up,world cups,runners up,2024-03-13 20:05:27.849660,2024-03-13 20:08:35.548355,0 days 00:03:07.698695
0.0,1.0,0.0,0.0,0,0.0,0.0,1.0,1.0,0.0,may2020$$##$$worldcups$$##$$third,may2020_worldcups_third_5,May2020,worldcups,third,world cups,third,2024-03-13 20:05:27.849660,2024-03-13 20:08:35.548355,0 days 00:03:07.698695
0.0,1.1111111111111112,0.0,0.0,0,0.0,0.0,1.0,0.8888888888888888,0.0,may2020$$##$$worldcups$$##$$fourth,may2020_worldcups_fourth_6,May2020,worldcups,fourth,world cups,fourth,2024-03-13 20:05:27.849660,2024-03-13 20:08:35.548355,0 days 00:03:07.698695
0.0,1.0,0.0,0.0,0,1.0,0.0,0.0,0.8888888888888888,1.0,may2020$$##$$worldcups$$##$$goals_scored,may2020_worldcups_goals_scored_7,May2020,worldcups,goals_scored,world cups,goals scored,2024-03-13 20:05:27.849660,2024-03-13 20:08:35.548355,0 days 00:03:07.698695
0.0,1.0,0.0,0.0,0,1.0,0.0,0.0,0.3333333333333333,1.0,may2020$$##$$worldcups$$##$$qualified_teams,may2020_worldcups_qualified_teams_8,May2020,worldcups,qualified_teams,world cups,qualified teams,2024-03-13 20:05:27.849660,2024-03-13 20:08:35.548355,0 days 00:03:07.698695
0.0,1.0,0.0,0.0,0,1.0,0.0,0.0,0.3333333333333333,1.0,may2020$$##$$worldcups$$##$$matches_played,may2020_worldcups_matches_played_9,May2020,worldcups,matches_played,world cups,matches played,2024-03-13 20:05:27.849660,2024-03-13 20:08:35.548355,0 days 00:03:07.698695
0.1111111111111111,1.0,0.0,0.0,0,1.0,0.0,0.0,1.0,1.0,may2020$$##$$worldcups$$##$$attendance,may2020_worldcups_attendance_10,May2020,worldcups,attendance,world cups,attendance,2024-03-13 20:05:27.849660,2024-03-13 20:08:35.548355,0 days 00:03:07.698695
0.0,1.0,0.0,0.0,0,1.0,0.0,0.0,0.0042270370862687754,1.0,nov2019$$##$$deliveries$$##$$match_id,nov2019_deliveries_match_id_1,Nov2019,deliveries,match_id,deliveries,match id,2024-03-13 20:05:27.849660,2024-03-13 20:08:35.548355,0 days 00:03:07.698695
0.0,1.0,0.0,0.0,0,1.0,0.0,0.0,2.658513890735079e-05,1.0,nov2019$$##$$deliveries$$##$$inning,nov2019_deliveries_inning_2,Nov2019,deliveries,inning,deliveries,inning,2024-03-13 20:05:27.849660,2024-03-13 20:08:35.548355,0 days 00:03:07.698695
0.0,2.4872856573175595,0.0,0.0,0,0.0,0.0,1.0,8.640170144889008e-05,0.0,nov2019$$##$$deliveries$$##$$batting_team,nov2019_deliveries_batting_team_3,Nov2019,deliveries,batting_team,deliveries,batting team,2024-03-13 20:05:27.849660,2024-03-13 20:08:35.548355,0 days 00:03:07.698695
0.0,2.488116442908414,0.0,0.0,0,0.0,0.0,1.0,7.975541672205237e-05,0.0,nov2019$$##$$deliveries$$##$$bowling_team,nov2019_deliveries_bowling_team_4,Nov2019,deliveries,bowling_team,deliveries,bowling team,2024-03-13 20:05:27.849660,2024-03-13 20:08:35.548355,0 days 00:03:07.698695
0.0,1.0,0.0,0.0,0,1.0,0.0,0.0,0.00013292569453675395,1.0,nov2019$$##$$deliveries$$##$$overs,nov2019_deliveries_overs_5,Nov2019,deliveries,overs,deliveries,overs,2024-03-13 20:05:27.849660,2024-03-13 20:08:35.548355,0 days 00:03:07.698695
0.0,1.0,0.0,0.0,0,1.0,0.0,0.0,5.981656254153928e-05,1.0,nov2019$$##$$deliveries$$##$$ball,nov2019_deliveries_ball_6,Nov2019,deliveries,ball,deliveries,ball,2024-03-13 20:05:27.849660,2024-03-13 20:08:35.548355,0 days 00:03:07.698695
0.0,2.0459989365944438,0.0,0.0,0,0.0,0.0,1.0,0.0030639372590721787,0.0,nov2019$$##$$deliveries$$##$$batsmen,nov2019_deliveries_batsmen_7,Nov2019,deliveries,batsmen,deliveries,batsmen,2024-03-13 20:05:27.849660,2024-03-13 20:08:35.548355,0 days 00:03:07.698695
0.0,2.0456932074970093,0.0,0.0,0,0.0,0.0,1.0,0.0030439984048916654,0.0,nov2019$$##$$deliveries$$##$$non_striker_batsmen,nov2019_deliveries_non_striker_batsmen_8,Nov2019,deliveries,non_striker_batsmen,deliveries,non striker batsmen,2024-03-13 20:05:27.849660,2024-03-13 20:08:35.548355,0 days 00:03:07.698695
0.0,2.0365479197128806,0.0,0.0,0,0.0,0.00016615711817094243,0.9998338428818291,0.00236607736275422,0.00016615711817094243,nov2019$$##$$deliveries$$##$$bowler,nov2019_deliveries_bowler_9,Nov2019,deliveries,bowler,deliveries,bowler,2024-03-13 20:05:27.849660,2024-03-13 20:08:35.548355,0 days 00:03:07.698695
0.0,1.0,0.0,0.0,0,1.0,0.0,0.0,1.3292569453675396e-05,1.0,nov2019$$##$$deliveries$$##$$is_super_over,nov2019_deliveries_is_super_over_10,Nov2019,deliveries,is_super_over,deliveries,is super over,2024-03-13 20:05:27.849660,2024-03-13 20:08:35.548355,0 days 00:03:07.698695
0.0,1.0,0.0,0.0,0,1.0,0.0,0.0,3.9877708361026186e-05,1.0,nov2019$$##$$deliveries$$##$$wide_runs,nov2019_deliveries_wide_runs_11,Nov2019,deliveries,wide_runs,deliveries,wide runs,2024-03-13 20:05:27.849660,2024-03-13 20:08:35.548355,0 days 00:03:07.698695
0.0,1.0,0.0,0.0,0,1.0,0.0,0.0,3.323142363418849e-05,1.0,nov2019$$##$$deliveries$$##$$bye_runs,nov2019_deliveries_bye_runs_12,Nov2019,deliveries,bye_runs,deliveries,bye runs,2024-03-13 20:05:27.849660,2024-03-13 20:08:35.548355,0 days 00:03:07.698695
0.0,1.0,0.0,0.0,0,1.0,0.0,0.0,3.9877708361026186e-05,1.0,nov2019$$##$$deliveries$$##$$legbye_runs,nov2019_deliveries_legbye_runs_13,Nov2019,deliveries,legbye_runs,deliveries,leg bye runs,2024-03-13 20:05:27.849660,2024-03-13 20:08:35.548355,0 days 00:03:07.698695
0.0,1.0,0.0,0.0,0,1.0,0.0,0.0,3.323142363418849e-05,1.0,nov2019$$##$$deliveries$$##$$noball_runs,nov2019_deliveries_noball_runs_14,Nov2019,deliveries,noball_runs,deliveries,no ball runs,2024-03-13 20:05:27.849660,2024-03-13 20:08:35.548355,0 days 00:03:07.698695
0.0,1.0,0.0,0.0,0,1.0,0.0,0.0,1.3292569453675396e-05,1.0,nov2019$$##$$deliveries$$##$$penalty_runs,nov2019_deliveries_penalty_runs_15,Nov2019,deliveries,penalty_runs,deliveries,penalty runs,2024-03-13 20:05:27.849660,2024-03-13 20:08:35.548355,0 days 00:03:07.698695
0.0,1.0,0.0,0.0,0,1.0,0.0,0.0,4.6523993087863884e-05,1.0,nov2019$$##$$deliveries$$##$$batsman_runs,nov2019_deliveries_batsman_runs_16,Nov2019,deliveries,batsman_runs,deliveries,batsman runs,2024-03-13 20:05:27.849660,2024-03-13 20:08:35.548355,0 days 00:03:07.698695
0.0,1.0,0.0,0.0,0,1.0,0.0,0.0,4.6523993087863884e-05,1.0,nov2019$$##$$deliveries$$##$$extra_runs,nov2019_deliveries_extra_runs_17,Nov2019,deliveries,extra_runs,deliveries,extra runs,2024-03-13 20:05:27.849660,2024-03-13 20:08:35.548355,0 days 00:03:07.698695
0.0,1.0,0.0,0.0,0,1.0,0.0,0.0,5.317027781470158e-05,1.0,nov2019$$##$$deliveries$$##$$total_runs,nov2019_deliveries_total_runs_18,Nov2019,deliveries,total_runs,deliveries,total runs,2024-03-13 20:05:27.849660,2024-03-13 20:08:35.548355,0 days 00:03:07.698695
0.0,2.0463834364076363,0.0,0.0,0,0.0,0.0,1.0,0.05861790803979564,0.0,nov2019$$##$$deliveries$$##$$player_dismissed,nov2019_deliveries_player_dismissed_19,Nov2019,deliveries,player_dismissed,deliveries,player dismissed,2024-03-13 20:05:27.849660,2024-03-13 20:08:35.548355,0 days 00:03:07.698695
0.0,1.160930357623017,0.0,0.0,0,0.0,0.0,1.0,0.0012100026888948643,0.0,nov2019$$##$$deliveries$$##$$dismissal_kind,nov2019_deliveries_dismissal_kind_20,Nov2019,deliveries,dismissal_kind,deliveries,dismissal kind,2024-03-13 20:05:27.849660,2024-03-13 20:08:35.548355,0 days 00:03:07.698695
0.0,2.0670515924753214,0.0,0.0,0,0.0,0.0,1.0,0.08400074501769417,0.0,nov2019$$##$$deliveries$$##$$fielder,nov2019_deliveries_fielder_21,Nov2019,deliveries,fielder,deliveries,fielder,2024-03-13 20:05:27.849660,2024-03-13 20:08:35.548355,0 days 00:03:07.698695
0.0,1.0,0.0,0.0,0,1.0,0.0,0.0,1.0,1.0,nov2019$$##$$matches$$##$$id,nov2019_matches_id_1,Nov2019,matches,id,matches,id,2024-03-13 20:05:27.849660,2024-03-13 20:08:35.548355,0 days 00:03:07.698695
1.0,1.0,0.0,0.0,0,1.0,0.0,0.0,0.015723270440251572,1.0,nov2019$$##$$matches$$##$$season,nov2019_matches_season_2,Nov2019,matches,season,matches,season,2024-03-13 20:05:27.849660,2024-03-13 20:08:35.548355,0 days 00:03:07.698695
0.0,1.0381558028616853,0.0,0.0,0,0.0,0.0,1.0,0.04769475357710652,0.0,nov2019$$##$$matches$$##$$city,nov2019_matches_city_3,Nov2019,matches,city,matches,city,2024-03-13 20:05:27.849660,2024-03-13 20:08:35.548355,0 days 00:03:07.698695
1.0,1.0,0.0,0.0,0,0.0,1.0,0.0,0.7075471698113207,1.0,nov2019$$##$$matches$$##$$match_date,nov2019_matches_match_date_4,Nov2019,matches,match_date,matches,match date,2024-03-13 20:05:27.849660,2024-03-13 20:08:35.548355,0 days 00:03:07.698695
0.0,2.493710691823899,0.0,0.0,0,0.0,0.0,1.0,0.020440251572327043,0.0,nov2019$$##$$matches$$##$$team1,nov2019_matches_team1_5,Nov2019,matches,team1,matches,team 1,2024-03-13 20:05:27.849660,2024-03-13 20:08:35.548355,0 days 00:03:07.698695
0.0,2.4858490566037736,0.0,0.0,0,0.0,0.0,1.0,0.020440251572327043,0.0,nov2019$$##$$matches$$##$$team2,nov2019_matches_team2_6,Nov2019,matches,team2,matches,team 2,2024-03-13 20:05:27.849660,2024-03-13 20:08:35.548355,0 days 00:03:07.698695
0.0,2.4764150943396226,0.0,0.0,0,0.0,0.0,1.0,0.020440251572327043,0.0,nov2019$$##$$matches$$##$$toss_winner,nov2019_matches_toss_winner_7,Nov2019,matches,toss_winner,matches,toss winner,2024-03-13 20:05:27.849660,2024-03-13 20:08:35.548355,0 days 00:03:07.698695
0.0,1.0,0.0,0.0,0,0.0,0.0,1.0,0.0031446540880503146,0.0,nov2019$$##$$matches$$##$$toss_decision,nov2019_matches_toss_decision_8,Nov2019,matches,toss_decision,matches,toss decision,2024-03-13 20:05:27.849660,2024-03-13 20:08:35.548355,0 days 00:03:07.698695
0.0,1.0047169811320755,0.0,0.0,0,0.0,0.0,1.0,0.0047169811320754715,0.0,nov2019$$##$$matches$$##$$result,nov2019_matches_result_9,Nov2019,matches,result,matches,result,2024-03-13 20:05:27.849660,2024-03-13 20:08:35.548355,0 days 00:03:07.698695
0.0,1.0,0.0,0.0,0,1.0,0.0,0.0,0.0031446540880503146,1.0,nov2019$$##$$matches$$##$$dl_applied,nov2019_matches_dl_applied_10,Nov2019,matches,dl_applied,matches,d l applied,2024-03-13 20:05:27.849660,2024-03-13 20:08:35.548355,0 days 00:03:07.698695
0.0,2.505529225908373,0.0,0.0,0,0.0,0.0,1.0,0.020537124802527645,0.0,nov2019$$##$$matches$$##$$winner,nov2019_matches_winner_11,Nov2019,matches,winner,matches,winner,2024-03-13 20:05:27.849660,2024-03-13 20:08:35.548355,0 days 00:03:07.698695
0.0,1.0,0.0,0.0,0,1.0,0.0,0.0,0.13522012578616352,1.0,nov2019$$##$$matches$$##$$win_by_runs,nov2019_matches_win_by_runs_12,Nov2019,matches,win_by_runs,matches,win by runs,2024-03-13 20:05:27.849660,2024-03-13 20:08:35.548355,0 days 00:03:07.698695
0.0,1.0,0.0,0.0,0,1.0,0.0,0.0,0.01729559748427673,1.0,nov2019$$##$$matches$$##$$win_by_wickets,nov2019_matches_win_by_wickets_13,Nov2019,matches,win_by_wickets,matches,win by wickets,2024-03-13 20:05:27.849660,2024-03-13 20:08:35.548355,0 days 00:03:07.698695
0.0,2.036334913112164,0.0,0.0,0,0.0,0.0,1.0,0.3175355450236967,0.0,nov2019$$##$$matches$$##$$player_of_the_match,nov2019_matches_player_of_the_match_14,Nov2019,matches,player_of_the_match,matches,player of the match,2024-03-13 20:05:27.849660,2024-03-13 20:08:35.548355,0 days 00:03:07.698695
0.0,3.3852201257861636,0.0,0.0,0,0.0,0.0,1.0,0.055031446540880505,0.0,nov2019$$##$$matches$$##$$venue,nov2019_matches_venue_15,Nov2019,matches,venue,matches,venue,2024-03-13 20:05:27.849660,2024-03-13 20:08:35.548355,0 days 00:03:07.698695
0.0,2.0172955974842766,0.0,0.0,0,0.0,0.0,1.0,0.06918238993710692,0.0,nov2019$$##$$matches$$##$$umpire1,nov2019_matches_umpire1_16,Nov2019,matches,umpire1,matches,umpire 1,2024-03-13 20:05:27.849660,2024-03-13 20:08:35.548355,0 days 00:03:07.698695
0.0,2.009433962264151,0.0,0.0,0,0.0,0.0,1.0,0.07075471698113207,0.0,nov2019$$##$$matches$$##$$umpire2,nov2019_matches_umpire2_17,Nov2019,matches,umpire2,matches,umpire 2,2024-03-13 20:05:27.849660,2024-03-13 20:08:35.548355,0 days 00:03:07.698695
